<manifest xmlns="http://www.imsglobal.org/xsd/imscp_v1p1" xmlns:adlcp="http://www.adlnet.org/xsd/adlcp_rootv1p2" xmlns:xsi="http://www.w3.org/2001/XMLSchema-instance" identifier="DEde_TMA_V1" version="1" xsi:schemaLocation="http://www.imsglobal.org/xsd/imscp_v1p1 imscp_rootv1p1p2.xsd http://www.imsglobal.org/xsd/imsmd_rootv1p2p1 imsmd_rootv1p2p1.xsd http://www.adlnet.org/xsd/adlcp_rootv1p2 adlcp_rootv1p2.xsd" xmlns:adlnav="http://www.adlnet.org/xsd/adlnav_v1p3">
    <metadata>
        <schema>ADL SCORM</schema>
        <schemaversion>2004 4th Edition</schemaversion>
        <lom xmlns="http://www.imsglobal.org/xsd/imsmd_rootv1p2p1" xsi:schemaLocation="http://www.imsglobal.org/xsd/imsmd_rootv1p2p1 imsmd_rootv1p2p1.xsd">
            <general>
                <title>
                    <langstring xml:lang="x-none">DEde_TMA_V1</langstring>
                </title>
                <description>
                    <langstring xml:lang="x-none"/>
                </description>
            </general>
        </lom>
    </metadata>

	
	<organizations default="DEde_TMA_V1_ORG">
		<organization identifier="DEde_TMA_V1_ORG">
			<title>DEde_TMA_V1</title><adlnav:presentation><adlnav:navigationInterface><adlnav:hideLMSUI>continue</adlnav:hideLMSUI><adlnav:hideLMSUI>previous</adlnav:hideLMSUI><adlnav:hideLMSUI>exit</adlnav:hideLMSUI><adlnav:hideLMSUI>exitAll</adlnav:hideLMSUI><adlnav:hideLMSUI>suspendAll</adlnav:hideLMSUI><adlnav:hideLMSUI>abandonAll</adlnav:hideLMSUI></adlnav:navigationInterface></adlnav:presentation>
			<item identifier="DEde_TMA_V1_SCO" isvisible="true" identifierref="DEde_TMA_V1_RES">
				<title>DEde_TMA_V1</title>
				<!-- <adlcp:masteryscore>70</adlcp:masteryscore> -->
			</item>	
		</organization>
	</organizations>
	<resources>
		<resource identifier="DEde_TMA_V1_RES" type="webcontent" href="index.html" adlcp:scormType="sco">
			<file href="index.html"/>
		</resource>
	</resources>
	
</manifest>