[{"_id":"5f7c12ed0aa7fc4a15963ea8","_courseId":"5f4cdba4bc8f9d107854ffe0","_parentId":"5f7c12ed0aa7fc4a15963ea7","_createdBy":"5dcd26e142786d38a8a6ae57","_sortOrder":0,"__v":0,"_refId":"5f7c12ed0aa7fc4a15963ea8","_search":{"_searchTagIds":[]},"_progress":{"_isEnabled":true},"_contentLocking":{"_lockedApperance":"default","_requiredAmount":0,"_requiredCompleteIds":[],"_lockIcon":"lock","_lockedText":"This article is locked","_shouldDisableNotifyOnUnlock":false,"_lockingType":"component","_isEnabled":false},"_bookShelf":{"_isShelved":false,"_isEnabled":false},"_animations":{"_easing":"default","_delay":0,"_scaleIn":{"_from":50,"_isEnabled":false},"_fadeIn":{"_from":0,"_isEnabled":false},"_slideInY":{"_from":50,"_isReverseDirection":false,"_isEnabled":false},"_slideInX":{"_from":50,"_isReverseDirection":false,"_isEnabled":false}},"_dividers":{"_after":{"_graphicTextStyles":{"_mobile":{"_fontColor":"transparent"},"_tablet":{"_fontColor":"transparent"},"_desktop":{"_fontColor":"transparent"}},"_graphicTextRightPadding":0,"_graphicTextLeftPadding":0,"_graphicTextBottomPadding":0,"_graphicTextTopPadding":0,"_graphicTextWidth":100,"_graphicTextLayout":"top","_shouldEnableGraphicText":false,"_graphic":{"_small":{"_shouldRepeat":false,"_height":200},"_large":{"_shouldRepeat":false,"_height":200}},"_isEnabled":false},"_before":{"_graphicTextStyles":{"_mobile":{"_fontColor":"transparent"},"_tablet":{"_fontColor":"transparent"},"_desktop":{"_fontColor":"transparent"}},"_graphicTextRightPadding":0,"_graphicTextLeftPadding":0,"_graphicTextBottomPadding":0,"_graphicTextTopPadding":0,"_graphicTextWidth":100,"_graphicTextLayout":"top","_shouldEnableGraphicText":false,"_graphic":{"_small":{"_shouldRepeat":false,"_height":200},"_large":{"_shouldRepeat":false,"_height":200}},"_isEnabled":false}},"_mobileBackgroundImage":{"_repeat":false,"_position":"center","_size":"initial"},"_backgroundImage":{"_repeat":false,"_position":"center","_size":"initial"},"_hasScrollActionButton":false,"_classes":"none","title":"New Article Title","_evolveTags":[],"_updatedAt":"2020-10-06T06:47:09.323Z","_createdAt":"2020-10-06T06:47:09.323Z","_type":"article","_isSnapShot":false,"_isHidden":false,"_isEnabled":true,"_courseOrder":"0-0","_childrenIds":["5fca455a39ddb2730f177367","5f7c12ed0aa7fc4a15963ea9","5fa52cbe2680c80524507f6f","5fa52c972680c80524507f66","5fa52da72680c80524507f82","5fa52d282680c80524507f77","5fd36fe23e273d087fd8aa50","5fa3caf01cff676492263a49"]},{"_id":"5f7c12280aa7fc4a15963e92","_courseId":"5f4cdba4bc8f9d107854ffe0","_parentId":"5f7c12280aa7fc4a15963e91","_createdBy":"5dcd26e142786d38a8a6ae57","_sortOrder":0,"__v":0,"_refId":"5f7c12280aa7fc4a15963e92","displayTitle":"UNSERE ZIELE IM TALENT MANAGEMENT<br>&mdash;","_updatedBy":"5dcd26e142786d38a8a6ae57","_search":{"_searchTagIds":[]},"_progress":{"_isEnabled":true},"_contentLocking":{"_lockedApperance":"default","_requiredAmount":0,"_requiredCompleteIds":[],"_lockIcon":"lock","_lockedText":"This article is locked","_shouldDisableNotifyOnUnlock":false,"_lockingType":"component","_isEnabled":false},"_bookShelf":{"_isShelved":false,"_isEnabled":false},"_animations":{"_easing":"default","_delay":0,"_scaleIn":{"_from":50,"_isEnabled":false},"_fadeIn":{"_from":0,"_isEnabled":false},"_slideInY":{"_from":50,"_isReverseDirection":false,"_isEnabled":false},"_slideInX":{"_from":50,"_isReverseDirection":false,"_isEnabled":false}},"_dividers":{"_after":{"_graphicTextStyles":{"_mobile":{"_fontColor":"transparent"},"_tablet":{"_fontColor":"transparent"},"_desktop":{"_fontColor":"transparent"}},"_graphicTextRightPadding":0,"_graphicTextLeftPadding":0,"_graphicTextBottomPadding":0,"_graphicTextTopPadding":0,"_graphicTextWidth":100,"_graphicTextLayout":"top","_shouldEnableGraphicText":false,"_graphic":{"_small":{"_shouldRepeat":false,"_height":200},"_large":{"_shouldRepeat":false,"_height":200}},"_isEnabled":false},"_before":{"_graphicTextStyles":{"_mobile":{"_fontColor":"transparent"},"_tablet":{"_fontColor":"transparent"},"_desktop":{"_fontColor":"transparent"}},"_graphicTextRightPadding":0,"_graphicTextLeftPadding":0,"_graphicTextBottomPadding":0,"_graphicTextTopPadding":0,"_graphicTextWidth":100,"_graphicTextLayout":"top","_shouldEnableGraphicText":false,"_graphic":{"_small":{"_shouldRepeat":false,"_height":200},"_large":{"_shouldRepeat":false,"_height":200}},"_isEnabled":false}},"_mobileBackgroundImage":{"_repeat":false,"_position":"center","_size":"initial"},"_backgroundImage":{"_repeat":false,"_position":"center","_size":"initial"},"_hasScrollActionButton":false,"_classes":"none","title":"Unsere Ziele im Talent Management","_evolveTags":[],"_updatedAt":"2020-12-14T10:42:48.740Z","_createdAt":"2020-10-06T06:43:52.711Z","_type":"article","_isSnapShot":false,"_isHidden":false,"_isEnabled":true,"_courseOrder":"1-0","_childrenIds":["5f7c12280aa7fc4a15963e93","5fd7869bafd19c4b38521bbf"]},{"_id":"5f7c19d80aa7fc4a15963eec","_sortOrder":1,"_parentId":"5f7c12280aa7fc4a15963e91","_courseId":"5f4cdba4bc8f9d107854ffe0","_createdBy":"5dcd26e142786d38a8a6ae57","__v":0,"_refId":"5f7c19d80aa7fc4a15963eec","displayTitle":"SO MACHT MAN BEI LIDL KARRIERE...<br>&mdash;","_updatedBy":"5dcd26e142786d38a8a6ae57","_search":{"_searchTagIds":[]},"_progress":{"_isEnabled":true},"_contentLocking":{"_lockedApperance":"default","_requiredAmount":0,"_requiredCompleteIds":[],"_lockIcon":"lock","_lockedText":"This article is locked","_shouldDisableNotifyOnUnlock":false,"_lockingType":"component","_isEnabled":false},"_bookShelf":{"_isShelved":false,"_isEnabled":false},"_animations":{"_easing":"default","_delay":0,"_scaleIn":{"_from":50,"_isEnabled":false},"_fadeIn":{"_from":0,"_isEnabled":false},"_slideInY":{"_from":50,"_isReverseDirection":false,"_isEnabled":false},"_slideInX":{"_from":50,"_isReverseDirection":false,"_isEnabled":false}},"_dividers":{"_after":{"_graphicTextStyles":{"_mobile":{"_fontColor":"transparent"},"_tablet":{"_fontColor":"transparent"},"_desktop":{"_fontColor":"transparent"}},"_graphicTextRightPadding":0,"_graphicTextLeftPadding":0,"_graphicTextBottomPadding":0,"_graphicTextTopPadding":0,"_graphicTextWidth":100,"_graphicTextLayout":"top","_shouldEnableGraphicText":false,"_graphic":{"_small":{"_shouldRepeat":false,"_height":200},"_large":{"_shouldRepeat":false,"_height":200}},"_isEnabled":false},"_before":{"_graphicTextStyles":{"_mobile":{"_fontColor":"transparent"},"_tablet":{"_fontColor":"transparent"},"_desktop":{"_fontColor":"transparent"}},"_graphicTextRightPadding":0,"_graphicTextLeftPadding":0,"_graphicTextBottomPadding":0,"_graphicTextTopPadding":0,"_graphicTextWidth":100,"_graphicTextLayout":"top","_shouldEnableGraphicText":false,"_graphic":{"_small":{"_shouldRepeat":false,"_height":200},"_large":{"_shouldRepeat":false,"_height":200}},"_isEnabled":false}},"_mobileBackgroundImage":{"_repeat":false,"_position":"center","_size":"initial"},"_backgroundImage":{"_repeat":false,"_position":"center","_size":"initial"},"_hasScrollActionButton":false,"_classes":"none","title":"New Article Title","_evolveTags":[],"_updatedAt":"2020-12-14T10:43:04.215Z","_createdAt":"2020-10-06T07:16:40.172Z","_type":"article","_isSnapShot":false,"_isHidden":false,"_isEnabled":true,"_courseOrder":"1-1","_childrenIds":["5f7c19d80aa7fc4a15963eed","5f993d2220cf245183449358"]},{"_id":"5f9fc4f533df1b745ebc52a6","_sortOrder":2,"_parentId":"5f7c12280aa7fc4a15963e91","_courseId":"5f4cdba4bc8f9d107854ffe0","_createdBy":"5dcd26e142786d38a8a6ae57","__v":0,"_refId":"5f9fc4f533df1b745ebc52a6","_updatedBy":"5dcd26e142786d38a8a6ae57","_search":{"_searchTagIds":[]},"_progress":{"_isEnabled":true},"_contentLocking":{"_lockedApperance":"default","_requiredAmount":0,"_requiredCompleteIds":[],"_lockIcon":"lock","_lockedText":"This article is locked","_shouldDisableNotifyOnUnlock":false,"_lockingType":"component","_isEnabled":false},"_bookShelf":{"_isShelved":false,"_isEnabled":false},"_animations":{"_easing":"default","_delay":0,"_scaleIn":{"_from":50,"_isEnabled":false},"_fadeIn":{"_from":0,"_isEnabled":false},"_slideInY":{"_from":50,"_isReverseDirection":false,"_isEnabled":false},"_slideInX":{"_from":50,"_isReverseDirection":false,"_isEnabled":false}},"_dividers":{"_after":{"_graphicTextStyles":{"_mobile":{"_fontColor":"transparent"},"_tablet":{"_fontColor":"transparent"},"_desktop":{"_fontColor":"transparent"}},"_graphicTextRightPadding":0,"_graphicTextLeftPadding":0,"_graphicTextBottomPadding":0,"_graphicTextTopPadding":0,"_graphicTextWidth":100,"_graphicTextLayout":"top","_shouldEnableGraphicText":false,"_graphic":{"_small":{"_shouldRepeat":false,"_height":200,"src":{"_id":"5f7db8377b1ca4199e034b46","_extension":"png","_type":"image"}},"_large":{"_shouldRepeat":false,"_height":200,"src":{"_type":"image","_extension":"png","_id":"5f7db8377b1ca4199e034b46"}}},"_isEnabled":true},"_before":{"_graphicTextStyles":{"_mobile":{"_fontColor":"transparent"},"_tablet":{"_fontColor":"transparent"},"_desktop":{"_fontColor":"transparent"}},"_graphicTextRightPadding":0,"_graphicTextLeftPadding":0,"_graphicTextBottomPadding":0,"_graphicTextTopPadding":0,"_graphicTextWidth":100,"_graphicTextLayout":"top","_shouldEnableGraphicText":false,"_graphic":{"_small":{"_shouldRepeat":false,"_height":200,"src":{"_type":"image","_extension":"png","_id":"5f7db6df7b1ca4199e034b44"}},"_large":{"_shouldRepeat":false,"_height":200,"src":{"_type":"image","_extension":"png","_id":"5f7db6df7b1ca4199e034b44"}}},"_isEnabled":true}},"_mobileBackgroundImage":{"_repeat":false,"_position":"center","_size":"initial"},"_backgroundImage":{"_repeat":false,"_position":"center","_size":"initial"},"_hasScrollActionButton":false,"_classes":"article-style-5","title":"New Article Title","_evolveTags":[],"_updatedAt":"2020-12-14T09:02:13.213Z","_createdAt":"2020-11-02T08:36:05.341Z","_type":"article","_isSnapShot":false,"_isHidden":false,"_isEnabled":true,"_courseOrder":"1-2","_childrenIds":["5f9fc4f533df1b745ebc52a7"]},{"_id":"5f7c1b050aa7fc4a15963f09","_sortOrder":3,"_parentId":"5f7c12280aa7fc4a15963e91","_courseId":"5f4cdba4bc8f9d107854ffe0","_createdBy":"5dcd26e142786d38a8a6ae57","__v":0,"_refId":"5f7c1b050aa7fc4a15963f09","displayTitle":"UNSER J&Auml;HRLICHER TALENT MANAGEMENT PROZESS<br>&mdash;","_updatedBy":"5dcd26e142786d38a8a6ae57","_search":{"_searchTagIds":[]},"_progress":{"_isEnabled":true},"_contentLocking":{"_lockedApperance":"default","_requiredAmount":0,"_requiredCompleteIds":[],"_lockIcon":"lock","_lockedText":"This article is locked","_shouldDisableNotifyOnUnlock":false,"_lockingType":"component","_isEnabled":false},"_bookShelf":{"_isShelved":false,"_isEnabled":false},"_animations":{"_easing":"default","_delay":0,"_scaleIn":{"_from":50,"_isEnabled":false},"_fadeIn":{"_from":0,"_isEnabled":false},"_slideInY":{"_from":50,"_isReverseDirection":false,"_isEnabled":false},"_slideInX":{"_from":50,"_isReverseDirection":false,"_isEnabled":false}},"_dividers":{"_after":{"_graphicTextStyles":{"_mobile":{"_fontColor":"transparent"},"_tablet":{"_fontColor":"transparent"},"_desktop":{"_fontColor":"transparent"}},"_graphicTextRightPadding":0,"_graphicTextLeftPadding":0,"_graphicTextBottomPadding":0,"_graphicTextTopPadding":0,"_graphicTextWidth":100,"_graphicTextLayout":"top","_shouldEnableGraphicText":false,"_graphic":{"_small":{"_shouldRepeat":false,"_height":130,"src":{"_type":"image","_extension":"png","_id":"5f7db8377b1ca4199e034b46"}},"_large":{"_shouldRepeat":false,"_height":150,"src":{"_type":"image","_extension":"png","_id":"5f7db8377b1ca4199e034b46"}}},"_isEnabled":false},"_before":{"graphicText":"","_graphicTextStyles":{"_mobile":{"_fontColor":"transparent"},"_tablet":{"_fontColor":"transparent"},"_desktop":{"_fontColor":"transparent"}},"_graphicTextRightPadding":0,"_graphicTextLeftPadding":0,"_graphicTextBottomPadding":0,"_graphicTextTopPadding":0,"_graphicTextWidth":100,"_graphicTextLayout":"top","_shouldEnableGraphicText":false,"_graphic":{"_small":{"_shouldRepeat":false,"_height":130,"src":{"_id":"5f7db6df7b1ca4199e034b44","_extension":"png","_type":"image"}},"_large":{"_shouldRepeat":false,"_height":150,"src":{"_id":"5f7db6df7b1ca4199e034b44","_extension":"png","_type":"image"}}},"_isEnabled":false}},"_mobileBackgroundImage":{"_repeat":false,"_position":"center","_size":"initial"},"_backgroundImage":{"_repeat":false,"_position":"top","_size":"initial","src":null},"_hasScrollActionButton":false,"_classes":"none","title":"Unser jährlicher Talent Management Prozess","_evolveTags":[],"_updatedAt":"2020-12-14T10:43:17.839Z","_createdAt":"2020-10-06T07:21:41.543Z","_type":"article","_isSnapShot":false,"_isHidden":false,"_isEnabled":true,"_courseOrder":"1-3","_childrenIds":["5f7c1b2d0aa7fc4a15963f12","5f7c1b050aa7fc4a15963f0a"]},{"_id":"5f7c1b980aa7fc4a15963f1a","_sortOrder":4,"_parentId":"5f7c12280aa7fc4a15963e91","_courseId":"5f4cdba4bc8f9d107854ffe0","_createdBy":"5dcd26e142786d38a8a6ae57","__v":0,"_refId":"5f7c1b980aa7fc4a15963f1a","displayTitle":"DIESE VERANTWORTUNG TR&Auml;GST DU ALS F&Uuml;HRUNGSKRAFT<br>&mdash;","_updatedBy":"5dcd26e142786d38a8a6ae57","_search":{"_searchTagIds":[]},"_progress":{"_isEnabled":true},"_contentLocking":{"_lockedApperance":"default","_requiredAmount":0,"_requiredCompleteIds":[],"_lockIcon":"lock","_lockedText":"This article is locked","_shouldDisableNotifyOnUnlock":false,"_lockingType":"component","_isEnabled":false},"_bookShelf":{"_isShelved":false,"_isEnabled":false},"_animations":{"_easing":"default","_delay":0,"_scaleIn":{"_from":50,"_isEnabled":false},"_fadeIn":{"_from":0,"_isEnabled":false},"_slideInY":{"_from":50,"_isReverseDirection":false,"_isEnabled":false},"_slideInX":{"_from":50,"_isReverseDirection":false,"_isEnabled":false}},"_dividers":{"_after":{"_graphicTextStyles":{"_mobile":{"_fontColor":"transparent"},"_tablet":{"_fontColor":"transparent"},"_desktop":{"_fontColor":"transparent"}},"_graphicTextRightPadding":0,"_graphicTextLeftPadding":0,"_graphicTextBottomPadding":0,"_graphicTextTopPadding":0,"_graphicTextWidth":100,"_graphicTextLayout":"top","_shouldEnableGraphicText":false,"_graphic":{"_small":{"_shouldRepeat":false,"_height":200},"_large":{"_shouldRepeat":false,"_height":200}},"_isEnabled":false},"_before":{"_graphicTextStyles":{"_mobile":{"_fontColor":"transparent"},"_tablet":{"_fontColor":"transparent"},"_desktop":{"_fontColor":"transparent"}},"_graphicTextRightPadding":0,"_graphicTextLeftPadding":0,"_graphicTextBottomPadding":0,"_graphicTextTopPadding":0,"_graphicTextWidth":100,"_graphicTextLayout":"top","_shouldEnableGraphicText":false,"_graphic":{"_small":{"_shouldRepeat":false,"_height":200},"_large":{"_shouldRepeat":false,"_height":200}},"_isEnabled":false}},"_mobileBackgroundImage":{"_repeat":false,"_position":"center","_size":"initial"},"_backgroundImage":{"_repeat":false,"_position":"center","_size":"initial"},"_hasScrollActionButton":false,"_classes":"none","title":"Diese Verantwortungen trägst Du als Führungskraft","_evolveTags":[],"_updatedAt":"2020-12-14T10:43:32.612Z","_createdAt":"2020-10-06T07:24:08.293Z","_type":"article","_isSnapShot":false,"_isHidden":false,"_isEnabled":true,"_courseOrder":"1-4","_childrenIds":["5f7c1b980aa7fc4a15963f1b","5fb67c4d202f617aaa4e1a46"]},{"_id":"5f7c1d3d0aa7fc4a15963f31","_sortOrder":5,"_parentId":"5f7c12280aa7fc4a15963e91","_courseId":"5f4cdba4bc8f9d107854ffe0","_createdBy":"5dcd26e142786d38a8a6ae57","__v":0,"_refId":"5f7c1d3d0aa7fc4a15963f31","_updatedBy":"5dcd26e142786d38a8a6ae57","displayTitle":"DATENSCHUTZ IST UNS WICHTIG...<br>&mdash;","_search":{"_searchTagIds":[]},"_progress":{"_isEnabled":true},"_contentLocking":{"_lockedApperance":"default","_requiredAmount":0,"_requiredCompleteIds":[],"_lockIcon":"lock","_lockedText":"This article is locked","_shouldDisableNotifyOnUnlock":false,"_lockingType":"component","_isEnabled":false},"_bookShelf":{"_isShelved":false,"_isEnabled":false},"_animations":{"_easing":"default","_delay":0,"_scaleIn":{"_from":50,"_isEnabled":false},"_fadeIn":{"_from":0,"_isEnabled":false},"_slideInY":{"_from":50,"_isReverseDirection":false,"_isEnabled":false},"_slideInX":{"_from":50,"_isReverseDirection":false,"_isEnabled":false}},"_dividers":{"_after":{"_graphicTextStyles":{"_mobile":{"_fontColor":"transparent"},"_tablet":{"_fontColor":"transparent"},"_desktop":{"_fontColor":"transparent"}},"_graphicTextRightPadding":0,"_graphicTextLeftPadding":0,"_graphicTextBottomPadding":0,"_graphicTextTopPadding":0,"_graphicTextWidth":100,"_graphicTextLayout":"top","_shouldEnableGraphicText":false,"_graphic":{"_small":{"_shouldRepeat":false,"_height":200},"_large":{"_shouldRepeat":false,"_height":200}},"_isEnabled":false},"_before":{"_graphicTextStyles":{"_mobile":{"_fontColor":"transparent"},"_tablet":{"_fontColor":"transparent"},"_desktop":{"_fontColor":"transparent"}},"_graphicTextRightPadding":0,"_graphicTextLeftPadding":0,"_graphicTextBottomPadding":0,"_graphicTextTopPadding":0,"_graphicTextWidth":100,"_graphicTextLayout":"top","_shouldEnableGraphicText":false,"_graphic":{"_small":{"_shouldRepeat":false,"_height":200},"_large":{"_shouldRepeat":false,"_height":200}},"_isEnabled":false}},"_mobileBackgroundImage":{"_repeat":false,"_position":"center","_size":"initial"},"_backgroundImage":{"_repeat":false,"_position":"center","_size":"initial"},"_hasScrollActionButton":false,"_classes":"none","title":"Datenschutz ist uns wichtig …","_evolveTags":[],"_updatedAt":"2020-12-14T10:43:44.375Z","_createdAt":"2020-10-06T07:31:09.770Z","_type":"article","_isSnapShot":false,"_isHidden":false,"_isEnabled":true,"_courseOrder":"1-5","_childrenIds":["5f99795e20cf245183449396","5f7c1d3d0aa7fc4a15963f32"]},{"_id":"5f7c123f0aa7fc4a15963e97","_courseId":"5f4cdba4bc8f9d107854ffe0","_parentId":"5f7c123f0aa7fc4a15963e96","_createdBy":"5dcd26e142786d38a8a6ae57","_sortOrder":0,"__v":0,"_refId":"5f7c123f0aa7fc4a15963e97","_updatedBy":"5dcd26e142786d38a8a6ae57","displayTitle":"WIE BEWERTE ICH MEINE MITARBEITER?<br>&mdash;","_search":{"_searchTagIds":[]},"_progress":{"_isEnabled":true},"_contentLocking":{"_lockedApperance":"default","_requiredAmount":0,"_requiredCompleteIds":[],"_lockIcon":"lock","_lockedText":"This article is locked","_shouldDisableNotifyOnUnlock":false,"_lockingType":"component","_isEnabled":false},"_bookShelf":{"_isShelved":false,"_isEnabled":false},"_animations":{"_easing":"default","_delay":0,"_scaleIn":{"_from":50,"_isEnabled":false},"_fadeIn":{"_from":0,"_isEnabled":false},"_slideInY":{"_from":50,"_isReverseDirection":false,"_isEnabled":false},"_slideInX":{"_from":50,"_isReverseDirection":false,"_isEnabled":false}},"_dividers":{"_after":{"_graphicTextStyles":{"_mobile":{"_fontColor":"transparent"},"_tablet":{"_fontColor":"transparent"},"_desktop":{"_fontColor":"transparent"}},"_graphicTextRightPadding":0,"_graphicTextLeftPadding":0,"_graphicTextBottomPadding":0,"_graphicTextTopPadding":0,"_graphicTextWidth":100,"_graphicTextLayout":"top","_shouldEnableGraphicText":false,"_graphic":{"_small":{"_shouldRepeat":false,"_height":200},"_large":{"_shouldRepeat":false,"_height":200}},"_isEnabled":false},"_before":{"_graphicTextStyles":{"_mobile":{"_fontColor":"transparent"},"_tablet":{"_fontColor":"transparent"},"_desktop":{"_fontColor":"transparent"}},"_graphicTextRightPadding":0,"_graphicTextLeftPadding":0,"_graphicTextBottomPadding":0,"_graphicTextTopPadding":0,"_graphicTextWidth":100,"_graphicTextLayout":"top","_shouldEnableGraphicText":false,"_graphic":{"_small":{"_shouldRepeat":false,"_height":200},"_large":{"_shouldRepeat":false,"_height":200}},"_isEnabled":false}},"_mobileBackgroundImage":{"_repeat":false,"_position":"center","_size":"initial"},"_backgroundImage":{"_repeat":false,"_position":"center","_size":"initial"},"_hasScrollActionButton":false,"_classes":"none","title":"Wie bewerte ich meine Mitarbeiter?","_evolveTags":[],"_updatedAt":"2020-12-14T10:44:03.410Z","_createdAt":"2020-10-06T06:44:15.043Z","_type":"article","_isSnapShot":false,"_isHidden":false,"_isEnabled":true,"_courseOrder":"2-0","_childrenIds":["5f7c123f0aa7fc4a15963e98","5fca4a1a39ddb2730f177394"]},{"_id":"5f997aeb20cf2451834493a6","_sortOrder":1,"_parentId":"5f7c123f0aa7fc4a15963e96","_courseId":"5f4cdba4bc8f9d107854ffe0","_createdBy":"5dcd26e142786d38a8a6ae57","__v":0,"_refId":"5f997aeb20cf2451834493a6","_updatedBy":"5dcd26e142786d38a8a6ae57","displayTitle":"GESAMTBEURTEILUNG DER LEISTUNG<br>&mdash;","_search":{"_searchTagIds":[]},"_progress":{"_isEnabled":true},"_contentLocking":{"_lockedApperance":"default","_requiredAmount":0,"_requiredCompleteIds":[],"_lockIcon":"lock","_lockedText":"This article is locked","_shouldDisableNotifyOnUnlock":false,"_lockingType":"component","_isEnabled":false},"_bookShelf":{"_isShelved":false,"_isEnabled":false},"_animations":{"_easing":"default","_delay":0,"_scaleIn":{"_from":50,"_isEnabled":false},"_fadeIn":{"_from":0,"_isEnabled":false},"_slideInY":{"_from":50,"_isReverseDirection":false,"_isEnabled":false},"_slideInX":{"_from":50,"_isReverseDirection":false,"_isEnabled":false}},"_dividers":{"_after":{"_graphicTextStyles":{"_mobile":{"_fontColor":"transparent"},"_tablet":{"_fontColor":"transparent"},"_desktop":{"_fontColor":"transparent"}},"_graphicTextRightPadding":0,"_graphicTextLeftPadding":0,"_graphicTextBottomPadding":0,"_graphicTextTopPadding":0,"_graphicTextWidth":100,"_graphicTextLayout":"top","_shouldEnableGraphicText":false,"_graphic":{"_small":{"_shouldRepeat":false,"_height":200},"_large":{"_shouldRepeat":false,"_height":200}},"_isEnabled":false},"_before":{"_graphicTextStyles":{"_mobile":{"_fontColor":"transparent"},"_tablet":{"_fontColor":"transparent"},"_desktop":{"_fontColor":"transparent"}},"_graphicTextRightPadding":0,"_graphicTextLeftPadding":0,"_graphicTextBottomPadding":0,"_graphicTextTopPadding":0,"_graphicTextWidth":100,"_graphicTextLayout":"top","_shouldEnableGraphicText":false,"_graphic":{"_small":{"_shouldRepeat":false,"_height":200},"_large":{"_shouldRepeat":false,"_height":200}},"_isEnabled":false}},"_mobileBackgroundImage":{"_repeat":false,"_position":"center","_size":"initial"},"_backgroundImage":{"_repeat":false,"_position":"center","_size":"initial"},"_hasScrollActionButton":false,"_classes":"none","title":"Gesamtbeurteilung der Leistung","_evolveTags":[],"_updatedAt":"2020-12-14T10:44:16.447Z","_createdAt":"2020-10-28T14:06:35.089Z","_type":"article","_isSnapShot":false,"_isHidden":false,"_isEnabled":true,"_courseOrder":"2-1","_childrenIds":["5f997aeb20cf2451834493a7"]},{"_id":"5f9a893420cf24518344942a","_sortOrder":2,"_parentId":"5f7c123f0aa7fc4a15963e96","_courseId":"5f4cdba4bc8f9d107854ffe0","_createdBy":"5dcd26e142786d38a8a6ae57","__v":0,"_refId":"5f9a893420cf24518344942a","displayTitle":"UNSERE BEWERTUNGSSKALA<br>&mdash;","_updatedBy":"5dcd26e142786d38a8a6ae57","_search":{"_searchTagIds":[]},"_progress":{"_isEnabled":true},"_contentLocking":{"_lockedApperance":"default","_requiredAmount":0,"_requiredCompleteIds":[],"_lockIcon":"lock","_lockedText":"This article is locked","_shouldDisableNotifyOnUnlock":false,"_lockingType":"component","_isEnabled":false},"_bookShelf":{"_isShelved":false,"_isEnabled":false},"_animations":{"_easing":"default","_delay":0,"_scaleIn":{"_from":50,"_isEnabled":false},"_fadeIn":{"_from":0,"_isEnabled":false},"_slideInY":{"_from":50,"_isReverseDirection":false,"_isEnabled":false},"_slideInX":{"_from":50,"_isReverseDirection":false,"_isEnabled":false}},"_dividers":{"_after":{"_graphicTextStyles":{"_mobile":{"_fontColor":"transparent"},"_tablet":{"_fontColor":"transparent"},"_desktop":{"_fontColor":"transparent"}},"_graphicTextRightPadding":0,"_graphicTextLeftPadding":0,"_graphicTextBottomPadding":0,"_graphicTextTopPadding":0,"_graphicTextWidth":100,"_graphicTextLayout":"top","_shouldEnableGraphicText":false,"_graphic":{"_small":{"_shouldRepeat":false,"_height":200},"_large":{"_shouldRepeat":false,"_height":200}},"_isEnabled":false},"_before":{"_graphicTextStyles":{"_mobile":{"_fontColor":"transparent"},"_tablet":{"_fontColor":"transparent"},"_desktop":{"_fontColor":"transparent"}},"_graphicTextRightPadding":0,"_graphicTextLeftPadding":0,"_graphicTextBottomPadding":0,"_graphicTextTopPadding":0,"_graphicTextWidth":100,"_graphicTextLayout":"top","_shouldEnableGraphicText":false,"_graphic":{"_small":{"_shouldRepeat":false,"_height":200},"_large":{"_shouldRepeat":false,"_height":200}},"_isEnabled":false}},"_mobileBackgroundImage":{"_repeat":false,"_position":"center","_size":"initial"},"_backgroundImage":{"_repeat":false,"_position":"center","_size":"initial"},"_hasScrollActionButton":false,"_classes":"none","title":"Unsere Bewertungsskala ","_evolveTags":[],"_updatedAt":"2020-12-14T10:44:36.074Z","_createdAt":"2020-10-29T09:19:48.299Z","_type":"article","_isSnapShot":false,"_isHidden":false,"_isEnabled":true,"_courseOrder":"2-2","_childrenIds":["5f9a893420cf24518344942b","5fb64f83202f617aaa4e1985","5fa2e430e885a441ebec9296"]},{"_id":"5f9fc94733df1b745ebc52d0","_sortOrder":3,"_parentId":"5f7c123f0aa7fc4a15963e96","_courseId":"5f4cdba4bc8f9d107854ffe0","_createdBy":"5dcd26e142786d38a8a6ae57","__v":0,"_refId":"5f9fc94733df1b745ebc52d0","displayTitle":"ERKENNEN VON ST&Auml;RKEN UND ENTWICKLUNGSFELDERN MEINER MITARBEITER<br>&mdash;","_updatedBy":"5dcd26e142786d38a8a6ae57","_search":{"_searchTagIds":[]},"_progress":{"_isEnabled":true},"_contentLocking":{"_lockedApperance":"default","_requiredAmount":0,"_requiredCompleteIds":[],"_lockIcon":"lock","_lockedText":"This article is locked","_shouldDisableNotifyOnUnlock":false,"_lockingType":"component","_isEnabled":false},"_bookShelf":{"_isShelved":false,"_isEnabled":false},"_animations":{"_easing":"default","_delay":0,"_scaleIn":{"_from":50,"_isEnabled":false},"_fadeIn":{"_from":0,"_isEnabled":false},"_slideInY":{"_from":50,"_isReverseDirection":false,"_isEnabled":false},"_slideInX":{"_from":50,"_isReverseDirection":false,"_isEnabled":false}},"_dividers":{"_after":{"_graphicTextStyles":{"_mobile":{"_fontColor":"transparent"},"_tablet":{"_fontColor":"transparent"},"_desktop":{"_fontColor":"transparent"}},"_graphicTextRightPadding":0,"_graphicTextLeftPadding":0,"_graphicTextBottomPadding":0,"_graphicTextTopPadding":0,"_graphicTextWidth":100,"_graphicTextLayout":"top","_shouldEnableGraphicText":false,"_graphic":{"_small":{"_shouldRepeat":false,"_height":200},"_large":{"_shouldRepeat":false,"_height":200}},"_isEnabled":false},"_before":{"_graphicTextStyles":{"_mobile":{"_fontColor":"transparent"},"_tablet":{"_fontColor":"transparent"},"_desktop":{"_fontColor":"transparent"}},"_graphicTextRightPadding":0,"_graphicTextLeftPadding":0,"_graphicTextBottomPadding":0,"_graphicTextTopPadding":0,"_graphicTextWidth":100,"_graphicTextLayout":"top","_shouldEnableGraphicText":false,"_graphic":{"_small":{"_shouldRepeat":false,"_height":200},"_large":{"_shouldRepeat":false,"_height":200}},"_isEnabled":false}},"_mobileBackgroundImage":{"_repeat":false,"_position":"center","_size":"initial"},"_backgroundImage":{"_repeat":false,"_position":"center","_size":"initial"},"_hasScrollActionButton":false,"_classes":"none","title":"New Article Title","_evolveTags":[],"_updatedAt":"2020-12-14T10:44:41.921Z","_createdAt":"2020-11-02T08:54:31.784Z","_type":"article","_isSnapShot":false,"_isHidden":false,"_isEnabled":true,"_courseOrder":"2-3","_childrenIds":["5f9a8b7520cf245183449450"]},{"_id":"5f9fc58d33df1b745ebc52ae","_sortOrder":4,"_parentId":"5f7c123f0aa7fc4a15963e96","_courseId":"5f4cdba4bc8f9d107854ffe0","_createdBy":"5dcd26e142786d38a8a6ae57","__v":0,"_refId":"5f9fc58d33df1b745ebc52ae","_updatedBy":"5dcd26e142786d38a8a6ae57","displayTitle":"","_search":{"_searchTagIds":[]},"_progress":{"_isEnabled":true},"_contentLocking":{"_lockedApperance":"default","_requiredAmount":0,"_requiredCompleteIds":[],"_lockIcon":"lock","_lockedText":"This article is locked","_shouldDisableNotifyOnUnlock":false,"_lockingType":"component","_isEnabled":false},"_bookShelf":{"_isShelved":false,"_isEnabled":false},"_animations":{"_easing":"default","_delay":0,"_scaleIn":{"_from":50,"_isEnabled":false},"_fadeIn":{"_from":0,"_isEnabled":false},"_slideInY":{"_from":50,"_isReverseDirection":false,"_isEnabled":false},"_slideInX":{"_from":50,"_isReverseDirection":false,"_isEnabled":false}},"_dividers":{"_after":{"_graphicTextStyles":{"_mobile":{"_fontColor":"transparent"},"_tablet":{"_fontColor":"transparent"},"_desktop":{"_fontColor":"transparent"}},"_graphicTextRightPadding":0,"_graphicTextLeftPadding":0,"_graphicTextBottomPadding":0,"_graphicTextTopPadding":0,"_graphicTextWidth":100,"_graphicTextLayout":"top","_shouldEnableGraphicText":false,"_graphic":{"_small":{"_shouldRepeat":false,"_height":200,"src":{"_type":"image","_extension":"png","_id":"5f7db8377b1ca4199e034b46"}},"_large":{"_shouldRepeat":false,"_height":200,"src":{"_type":"image","_extension":"png","_id":"5f7db8377b1ca4199e034b46"}}},"_isEnabled":true},"_before":{"_graphicTextStyles":{"_mobile":{"_fontColor":"transparent"},"_tablet":{"_fontColor":"transparent"},"_desktop":{"_fontColor":"transparent"}},"_graphicTextRightPadding":0,"_graphicTextLeftPadding":0,"_graphicTextBottomPadding":0,"_graphicTextTopPadding":0,"_graphicTextWidth":100,"_graphicTextLayout":"top","_shouldEnableGraphicText":false,"_graphic":{"_small":{"_shouldRepeat":false,"_height":200,"src":{"_id":"5f7db6df7b1ca4199e034b44","_extension":"png","_type":"image"}},"_large":{"_shouldRepeat":false,"_height":200,"src":{"_type":"image","_extension":"png","_id":"5f7db6df7b1ca4199e034b44"}}},"_isEnabled":true}},"_mobileBackgroundImage":{"_repeat":false,"_position":"center","_size":"initial"},"_backgroundImage":{"_repeat":false,"_position":"center","_size":"initial"},"_hasScrollActionButton":false,"_classes":"article-style-5","title":"New Article Title","_evolveTags":[],"_updatedAt":"2020-11-04T17:32:58.562Z","_createdAt":"2020-11-02T08:38:37.314Z","_type":"article","_isSnapShot":false,"_isHidden":false,"_isEnabled":true,"_courseOrder":"2-4","_childrenIds":["5f9a8be320cf245183449458"]},{"_id":"5f9fc5a333df1b745ebc52b3","_sortOrder":5,"_parentId":"5f7c123f0aa7fc4a15963e96","_courseId":"5f4cdba4bc8f9d107854ffe0","_createdBy":"5dcd26e142786d38a8a6ae57","__v":0,"_refId":"5f9fc5a333df1b745ebc52b3","_search":{"_searchTagIds":[]},"_progress":{"_isEnabled":true},"_contentLocking":{"_lockedApperance":"default","_requiredAmount":0,"_requiredCompleteIds":[],"_lockIcon":"lock","_lockedText":"This article is locked","_shouldDisableNotifyOnUnlock":false,"_lockingType":"component","_isEnabled":false},"_bookShelf":{"_isShelved":false,"_isEnabled":false},"_animations":{"_easing":"default","_delay":0,"_scaleIn":{"_from":50,"_isEnabled":false},"_fadeIn":{"_from":0,"_isEnabled":false},"_slideInY":{"_from":50,"_isReverseDirection":false,"_isEnabled":false},"_slideInX":{"_from":50,"_isReverseDirection":false,"_isEnabled":false}},"_dividers":{"_after":{"_graphicTextStyles":{"_mobile":{"_fontColor":"transparent"},"_tablet":{"_fontColor":"transparent"},"_desktop":{"_fontColor":"transparent"}},"_graphicTextRightPadding":0,"_graphicTextLeftPadding":0,"_graphicTextBottomPadding":0,"_graphicTextTopPadding":0,"_graphicTextWidth":100,"_graphicTextLayout":"top","_shouldEnableGraphicText":false,"_graphic":{"_small":{"_shouldRepeat":false,"_height":200},"_large":{"_shouldRepeat":false,"_height":200}},"_isEnabled":false},"_before":{"_graphicTextStyles":{"_mobile":{"_fontColor":"transparent"},"_tablet":{"_fontColor":"transparent"},"_desktop":{"_fontColor":"transparent"}},"_graphicTextRightPadding":0,"_graphicTextLeftPadding":0,"_graphicTextBottomPadding":0,"_graphicTextTopPadding":0,"_graphicTextWidth":100,"_graphicTextLayout":"top","_shouldEnableGraphicText":false,"_graphic":{"_small":{"_shouldRepeat":false,"_height":200},"_large":{"_shouldRepeat":false,"_height":200}},"_isEnabled":false}},"_mobileBackgroundImage":{"_repeat":false,"_position":"center","_size":"initial"},"_backgroundImage":{"_repeat":false,"_position":"center","_size":"initial"},"_hasScrollActionButton":false,"_classes":"none","title":"New Article Title","_evolveTags":[],"_updatedAt":"2020-11-02T08:38:59.598Z","_createdAt":"2020-11-02T08:38:59.598Z","_type":"article","_isSnapShot":false,"_isHidden":false,"_isEnabled":true,"_courseOrder":"2-5","_childrenIds":["5f9a8dea20cf245183449470"]},{"_id":"5f9a8f7820cf245183449498","_sortOrder":6,"_parentId":"5f7c123f0aa7fc4a15963e96","_courseId":"5f4cdba4bc8f9d107854ffe0","_createdBy":"5dcd26e142786d38a8a6ae57","__v":0,"_refId":"5f9a8f7820cf245183449498","displayTitle":"WAS DICH VIELLEICHT AUCH INTERESSIEREN K&Ouml;NNTE ...<br>&mdash;","_updatedBy":"5dcd26e142786d38a8a6ae57","_search":{"_searchTagIds":[]},"_progress":{"_isEnabled":true},"_contentLocking":{"_lockedApperance":"default","_requiredAmount":0,"_requiredCompleteIds":[],"_lockIcon":"lock","_lockedText":"This article is locked","_shouldDisableNotifyOnUnlock":false,"_lockingType":"component","_isEnabled":false},"_bookShelf":{"_isShelved":false,"_isEnabled":false},"_animations":{"_easing":"default","_delay":0,"_scaleIn":{"_from":50,"_isEnabled":false},"_fadeIn":{"_from":0,"_isEnabled":false},"_slideInY":{"_from":50,"_isReverseDirection":false,"_isEnabled":false},"_slideInX":{"_from":50,"_isReverseDirection":false,"_isEnabled":false}},"_dividers":{"_after":{"_graphicTextStyles":{"_mobile":{"_fontColor":"transparent"},"_tablet":{"_fontColor":"transparent"},"_desktop":{"_fontColor":"transparent"}},"_graphicTextRightPadding":0,"_graphicTextLeftPadding":0,"_graphicTextBottomPadding":0,"_graphicTextTopPadding":0,"_graphicTextWidth":100,"_graphicTextLayout":"top","_shouldEnableGraphicText":false,"_graphic":{"_small":{"_shouldRepeat":false,"_height":200},"_large":{"_shouldRepeat":false,"_height":200}},"_isEnabled":false},"_before":{"_graphicTextStyles":{"_mobile":{"_fontColor":"transparent"},"_tablet":{"_fontColor":"transparent"},"_desktop":{"_fontColor":"transparent"}},"_graphicTextRightPadding":0,"_graphicTextLeftPadding":0,"_graphicTextBottomPadding":0,"_graphicTextTopPadding":0,"_graphicTextWidth":100,"_graphicTextLayout":"top","_shouldEnableGraphicText":false,"_graphic":{"_small":{"_shouldRepeat":false,"_height":400,"src":{"_id":"5fa2de16e885a441ebec925e","_extension":"png","_type":"image"}},"_large":{"_shouldRepeat":false,"_height":400,"src":{"_type":"image","_extension":"png","_id":"5fa2de16e885a441ebec925e"}}},"_isEnabled":true}},"_mobileBackgroundImage":{"_repeat":false,"_position":"center","_size":"initial"},"_backgroundImage":{"_repeat":false,"_position":"center","_size":"initial"},"_hasScrollActionButton":false,"_classes":"none","title":"Was Dich vielleicht auch interessieren könnte …","_evolveTags":[],"_updatedAt":"2020-12-14T10:44:50.849Z","_createdAt":"2020-10-29T09:46:32.382Z","_type":"article","_isSnapShot":false,"_isHidden":false,"_isEnabled":true,"_courseOrder":"2-6","_childrenIds":["5f9a8f7820cf245183449499"]},{"_id":"5f7c12540aa7fc4a15963e9c","_courseId":"5f4cdba4bc8f9d107854ffe0","_parentId":"5f7c12540aa7fc4a15963e9b","_createdBy":"5dcd26e142786d38a8a6ae57","_sortOrder":0,"__v":0,"_refId":"5f7c12540aa7fc4a15963e9c","displayTitle":"DIE POTENZIALBESPRECHUNG<br>&mdash;","_updatedBy":"5dcd26e142786d38a8a6ae57","_search":{"_searchTagIds":[]},"_progress":{"_isEnabled":true},"_contentLocking":{"_lockedApperance":"default","_requiredAmount":0,"_requiredCompleteIds":[],"_lockIcon":"lock","_lockedText":"This article is locked","_shouldDisableNotifyOnUnlock":false,"_lockingType":"component","_isEnabled":false},"_bookShelf":{"_isShelved":false,"_isEnabled":false},"_animations":{"_easing":"default","_delay":0,"_scaleIn":{"_from":50,"_isEnabled":false},"_fadeIn":{"_from":0,"_isEnabled":false},"_slideInY":{"_from":50,"_isReverseDirection":false,"_isEnabled":false},"_slideInX":{"_from":50,"_isReverseDirection":false,"_isEnabled":false}},"_dividers":{"_after":{"_graphicTextStyles":{"_mobile":{"_fontColor":"transparent"},"_tablet":{"_fontColor":"transparent"},"_desktop":{"_fontColor":"transparent"}},"_graphicTextRightPadding":0,"_graphicTextLeftPadding":0,"_graphicTextBottomPadding":0,"_graphicTextTopPadding":0,"_graphicTextWidth":100,"_graphicTextLayout":"top","_shouldEnableGraphicText":false,"_graphic":{"_small":{"_shouldRepeat":false,"_height":200},"_large":{"_shouldRepeat":false,"_height":200}},"_isEnabled":false},"_before":{"_graphicTextStyles":{"_mobile":{"_fontColor":"transparent"},"_tablet":{"_fontColor":"transparent"},"_desktop":{"_fontColor":"transparent"}},"_graphicTextRightPadding":0,"_graphicTextLeftPadding":0,"_graphicTextBottomPadding":0,"_graphicTextTopPadding":0,"_graphicTextWidth":100,"_graphicTextLayout":"top","_shouldEnableGraphicText":false,"_graphic":{"_small":{"_shouldRepeat":false,"_height":200},"_large":{"_shouldRepeat":false,"_height":200}},"_isEnabled":false}},"_mobileBackgroundImage":{"_repeat":false,"_position":"center","_size":"initial"},"_backgroundImage":{"_repeat":false,"_position":"center","_size":"initial"},"_hasScrollActionButton":false,"_classes":"none","title":"Die Potenzialbesprechung","_evolveTags":[],"_updatedAt":"2020-12-14T10:45:27.259Z","_createdAt":"2020-10-06T06:44:36.671Z","_type":"article","_isSnapShot":false,"_isHidden":false,"_isEnabled":true,"_courseOrder":"3-0","_childrenIds":["5f7c12540aa7fc4a15963e9d","5f9a923a20cf2451834494ce"]},{"_id":"5f9a927d20cf2451834494d4","_sortOrder":1,"_parentId":"5f7c12540aa7fc4a15963e9b","_courseId":"5f4cdba4bc8f9d107854ffe0","_createdBy":"5dcd26e142786d38a8a6ae57","__v":0,"_refId":"5f9a927d20cf2451834494d4","displayTitle":"UNSERE ENTWICKLUNGSSTUFEN<br>&mdash;","_updatedBy":"5dcd26e142786d38a8a6ae57","_search":{"_searchTagIds":[]},"_progress":{"_isEnabled":true},"_contentLocking":{"_lockedApperance":"default","_requiredAmount":0,"_requiredCompleteIds":[],"_lockIcon":"lock","_lockedText":"This article is locked","_shouldDisableNotifyOnUnlock":false,"_lockingType":"component","_isEnabled":false},"_bookShelf":{"_isShelved":false,"_isEnabled":false},"_animations":{"_easing":"default","_delay":0,"_scaleIn":{"_from":50,"_isEnabled":false},"_fadeIn":{"_from":0,"_isEnabled":false},"_slideInY":{"_from":50,"_isReverseDirection":false,"_isEnabled":false},"_slideInX":{"_from":50,"_isReverseDirection":false,"_isEnabled":false}},"_dividers":{"_after":{"_graphicTextStyles":{"_mobile":{"_fontColor":"transparent"},"_tablet":{"_fontColor":"transparent"},"_desktop":{"_fontColor":"transparent"}},"_graphicTextRightPadding":0,"_graphicTextLeftPadding":0,"_graphicTextBottomPadding":0,"_graphicTextTopPadding":0,"_graphicTextWidth":100,"_graphicTextLayout":"top","_shouldEnableGraphicText":false,"_graphic":{"_small":{"_shouldRepeat":false,"_height":200},"_large":{"_shouldRepeat":false,"_height":200}},"_isEnabled":false},"_before":{"_graphicTextStyles":{"_mobile":{"_fontColor":"transparent"},"_tablet":{"_fontColor":"transparent"},"_desktop":{"_fontColor":"transparent"}},"_graphicTextRightPadding":0,"_graphicTextLeftPadding":0,"_graphicTextBottomPadding":0,"_graphicTextTopPadding":0,"_graphicTextWidth":100,"_graphicTextLayout":"top","_shouldEnableGraphicText":false,"_graphic":{"_small":{"_shouldRepeat":false,"_height":200},"_large":{"_shouldRepeat":false,"_height":200}},"_isEnabled":false}},"_mobileBackgroundImage":{"_repeat":false,"_position":"center","_size":"initial"},"_backgroundImage":{"_repeat":false,"_position":"center","_size":"initial"},"_hasScrollActionButton":false,"_classes":"none","title":"Unsere Entwicklungsstufen","_evolveTags":[],"_updatedAt":"2020-12-14T10:45:31.260Z","_createdAt":"2020-10-29T09:59:25.372Z","_type":"article","_isSnapShot":false,"_isHidden":false,"_isEnabled":true,"_courseOrder":"3-1","_childrenIds":["5f9a92b620cf2451834494da","5f9a927d20cf2451834494d5"]},{"_id":"5f9c1c881e6b8526fbc17cff","_sortOrder":2,"_parentId":"5f7c12540aa7fc4a15963e9b","_courseId":"5f4cdba4bc8f9d107854ffe0","_createdBy":"5dcd26e142786d38a8a6ae57","__v":0,"_refId":"5f9c1c881e6b8526fbc17cff","_updatedBy":"5dcd26e142786d38a8a6ae57","displayTitle":"UND SO L&Auml;UFT DIE POTENZIALBESPRECHUNG AB<br>&mdash;","_search":{"_searchTagIds":[]},"_progress":{"_isEnabled":true},"_contentLocking":{"_lockedApperance":"default","_requiredAmount":0,"_requiredCompleteIds":[],"_lockIcon":"lock","_lockedText":"This article is locked","_shouldDisableNotifyOnUnlock":false,"_lockingType":"component","_isEnabled":false},"_bookShelf":{"_isShelved":false,"_isEnabled":false},"_animations":{"_easing":"default","_delay":0,"_scaleIn":{"_from":50,"_isEnabled":false},"_fadeIn":{"_from":0,"_isEnabled":false},"_slideInY":{"_from":50,"_isReverseDirection":false,"_isEnabled":false},"_slideInX":{"_from":50,"_isReverseDirection":false,"_isEnabled":false}},"_dividers":{"_after":{"_graphicTextStyles":{"_mobile":{"_fontColor":"transparent"},"_tablet":{"_fontColor":"transparent"},"_desktop":{"_fontColor":"transparent"}},"_graphicTextRightPadding":0,"_graphicTextLeftPadding":0,"_graphicTextBottomPadding":0,"_graphicTextTopPadding":0,"_graphicTextWidth":100,"_graphicTextLayout":"top","_shouldEnableGraphicText":false,"_graphic":{"_small":{"_shouldRepeat":false,"_height":200},"_large":{"_shouldRepeat":false,"_height":200}},"_isEnabled":false},"_before":{"_graphicTextStyles":{"_mobile":{"_fontColor":"transparent"},"_tablet":{"_fontColor":"transparent"},"_desktop":{"_fontColor":"transparent"}},"_graphicTextRightPadding":0,"_graphicTextLeftPadding":0,"_graphicTextBottomPadding":0,"_graphicTextTopPadding":0,"_graphicTextWidth":100,"_graphicTextLayout":"top","_shouldEnableGraphicText":false,"_graphic":{"_small":{"_shouldRepeat":false,"_height":200},"_large":{"_shouldRepeat":false,"_height":200}},"_isEnabled":false}},"_mobileBackgroundImage":{"_repeat":false,"_position":"center","_size":"initial"},"_backgroundImage":{"_repeat":false,"_position":"center","_size":"initial"},"_hasScrollActionButton":false,"_classes":"article-style-2","title":"UND SO LÄUFT DIE POTENZIALBESPRECHUNG AB1","_evolveTags":[],"_updatedAt":"2020-12-14T10:45:36.514Z","_createdAt":"2020-10-30T14:00:40.817Z","_type":"article","_isSnapShot":false,"_isHidden":false,"_isEnabled":true,"_courseOrder":"3-2","_childrenIds":["5fb67798202f617aaa4e1a11"]},{"_id":"5f9ac6be20cf2451834495a7","_sortOrder":3,"_parentId":"5f7c12540aa7fc4a15963e9b","_courseId":"5f4cdba4bc8f9d107854ffe0","_createdBy":"5dcd26e142786d38a8a6ae57","__v":0,"_refId":"5f9ac6be20cf2451834495a7","displayTitle":"","_updatedBy":"5dcd26e142786d38a8a6ae57","_search":{"_searchTagIds":[]},"_progress":{"_isEnabled":true},"_contentLocking":{"_lockedApperance":"default","_requiredAmount":0,"_requiredCompleteIds":[],"_lockIcon":"lock","_lockedText":"This article is locked","_shouldDisableNotifyOnUnlock":false,"_lockingType":"component","_isEnabled":false},"_bookShelf":{"_isShelved":false,"_isEnabled":false},"_animations":{"_easing":"default","_delay":0,"_scaleIn":{"_from":50,"_isEnabled":false},"_fadeIn":{"_from":0,"_isEnabled":false},"_slideInY":{"_from":50,"_isReverseDirection":false,"_isEnabled":false},"_slideInX":{"_from":50,"_isReverseDirection":false,"_isEnabled":false}},"_dividers":{"_after":{"_graphicTextStyles":{"_mobile":{"_fontColor":"transparent"},"_tablet":{"_fontColor":"transparent"},"_desktop":{"_fontColor":"transparent"}},"_graphicTextRightPadding":0,"_graphicTextLeftPadding":0,"_graphicTextBottomPadding":0,"_graphicTextTopPadding":0,"_graphicTextWidth":100,"_graphicTextLayout":"top","_shouldEnableGraphicText":false,"_graphic":{"_small":{"_shouldRepeat":false,"_height":200},"_large":{"_shouldRepeat":false,"_height":200}},"_isEnabled":false},"_before":{"_graphicTextStyles":{"_mobile":{"_fontColor":"transparent"},"_tablet":{"_fontColor":"transparent"},"_desktop":{"_fontColor":"transparent"}},"_graphicTextRightPadding":0,"_graphicTextLeftPadding":0,"_graphicTextBottomPadding":0,"_graphicTextTopPadding":0,"_graphicTextWidth":100,"_graphicTextLayout":"top","_shouldEnableGraphicText":false,"_graphic":{"_small":{"_shouldRepeat":false,"_height":200},"_large":{"_shouldRepeat":false,"_height":200}},"_isEnabled":false}},"_mobileBackgroundImage":{"_repeat":false,"_position":"center","_size":"initial"},"_backgroundImage":{"_repeat":false,"_position":"center","_size":"initial"},"_hasScrollActionButton":false,"_classes":"none","title":"Und so läuft die Potenzialbesprechung ab2","_evolveTags":[],"_updatedAt":"2020-10-30T14:01:04.586Z","_createdAt":"2020-10-29T13:42:22.467Z","_type":"article","_isSnapShot":false,"_isHidden":false,"_isEnabled":true,"_courseOrder":"3-3","_childrenIds":["5fb39f919265ec4e86a85bfa","5f9ac87a20cf2451834495b9"]},{"_id":"5f9ad00b20cf2451834495dd","_sortOrder":4,"_parentId":"5f7c12540aa7fc4a15963e9b","_courseId":"5f4cdba4bc8f9d107854ffe0","_createdBy":"5dcd26e142786d38a8a6ae57","__v":0,"_refId":"5f9ad00b20cf2451834495dd","displayTitle":"PERSONALMASSNAHMEN - KARRIEREWEGE F&Uuml;R VL/ABTL UND BL<br>&mdash;","_updatedBy":"5dcd26e142786d38a8a6ae57","_search":{"_searchTagIds":[]},"_progress":{"_isEnabled":true},"_contentLocking":{"_lockedApperance":"default","_requiredAmount":0,"_requiredCompleteIds":[],"_lockIcon":"lock","_lockedText":"This article is locked","_shouldDisableNotifyOnUnlock":false,"_lockingType":"component","_isEnabled":false},"_bookShelf":{"_isShelved":false,"_isEnabled":false},"_animations":{"_easing":"default","_delay":0,"_scaleIn":{"_from":50,"_isEnabled":false},"_fadeIn":{"_from":0,"_isEnabled":false},"_slideInY":{"_from":50,"_isReverseDirection":false,"_isEnabled":false},"_slideInX":{"_from":50,"_isReverseDirection":false,"_isEnabled":false}},"_dividers":{"_after":{"_graphicTextStyles":{"_mobile":{"_fontColor":"transparent"},"_tablet":{"_fontColor":"transparent"},"_desktop":{"_fontColor":"transparent"}},"_graphicTextRightPadding":0,"_graphicTextLeftPadding":0,"_graphicTextBottomPadding":0,"_graphicTextTopPadding":0,"_graphicTextWidth":100,"_graphicTextLayout":"top","_shouldEnableGraphicText":false,"_graphic":{"_small":{"_shouldRepeat":false,"_height":200},"_large":{"_shouldRepeat":false,"_height":200}},"_isEnabled":false},"_before":{"_graphicTextStyles":{"_mobile":{"_fontColor":"transparent"},"_tablet":{"_fontColor":"transparent"},"_desktop":{"_fontColor":"transparent"}},"_graphicTextRightPadding":0,"_graphicTextLeftPadding":0,"_graphicTextBottomPadding":0,"_graphicTextTopPadding":0,"_graphicTextWidth":100,"_graphicTextLayout":"top","_shouldEnableGraphicText":false,"_graphic":{"_small":{"_shouldRepeat":false,"_height":200},"_large":{"_shouldRepeat":false,"_height":200}},"_isEnabled":false}},"_mobileBackgroundImage":{"_repeat":false,"_position":"center","_size":"initial"},"_backgroundImage":{"_repeat":false,"_position":"center","_size":"initial"},"_hasScrollActionButton":false,"_classes":"none","title":"Personalmaßnahmen – Karrierewege für VL/AbtL und BL","_evolveTags":[],"_updatedAt":"2020-12-14T10:45:42.667Z","_createdAt":"2020-10-29T14:22:03.402Z","_type":"article","_isSnapShot":false,"_isHidden":false,"_isEnabled":false,"_courseOrder":"3-4"},{"_id":"5f7c126b0aa7fc4a15963ea1","_courseId":"5f4cdba4bc8f9d107854ffe0","_parentId":"5f7c126b0aa7fc4a15963ea0","_createdBy":"5dcd26e142786d38a8a6ae57","_sortOrder":0,"__v":0,"_refId":"5f7c126b0aa7fc4a15963ea1","displayTitle":"SO LAUFEN DIE FEEDBACK- UND ENTWICKLUNGSGESPR&Auml;CHE AB<br>&mdash;","_updatedBy":"5dcd26e142786d38a8a6ae57","_search":{"_searchTagIds":[]},"_progress":{"_isEnabled":true},"_contentLocking":{"_lockedApperance":"default","_requiredAmount":0,"_requiredCompleteIds":[],"_lockIcon":"lock","_lockedText":"This article is locked","_shouldDisableNotifyOnUnlock":false,"_lockingType":"component","_isEnabled":false},"_bookShelf":{"_isShelved":false,"_isEnabled":false},"_animations":{"_easing":"default","_delay":0,"_scaleIn":{"_from":50,"_isEnabled":false},"_fadeIn":{"_from":0,"_isEnabled":false},"_slideInY":{"_from":50,"_isReverseDirection":false,"_isEnabled":false},"_slideInX":{"_from":50,"_isReverseDirection":false,"_isEnabled":false}},"_dividers":{"_after":{"_graphicTextStyles":{"_mobile":{"_fontColor":"transparent"},"_tablet":{"_fontColor":"transparent"},"_desktop":{"_fontColor":"transparent"}},"_graphicTextRightPadding":0,"_graphicTextLeftPadding":0,"_graphicTextBottomPadding":0,"_graphicTextTopPadding":0,"_graphicTextWidth":100,"_graphicTextLayout":"top","_shouldEnableGraphicText":false,"_graphic":{"_small":{"_shouldRepeat":false,"_height":200},"_large":{"_shouldRepeat":false,"_height":200}},"_isEnabled":false},"_before":{"_graphicTextStyles":{"_mobile":{"_fontColor":"transparent"},"_tablet":{"_fontColor":"transparent"},"_desktop":{"_fontColor":"transparent"}},"_graphicTextRightPadding":0,"_graphicTextLeftPadding":0,"_graphicTextBottomPadding":0,"_graphicTextTopPadding":0,"_graphicTextWidth":100,"_graphicTextLayout":"top","_shouldEnableGraphicText":false,"_graphic":{"_small":{"_shouldRepeat":false,"_height":200},"_large":{"_shouldRepeat":false,"_height":200}},"_isEnabled":false}},"_mobileBackgroundImage":{"_repeat":false,"_position":"center","_size":"initial"},"_backgroundImage":{"_repeat":false,"_position":"center","_size":"initial"},"_hasScrollActionButton":false,"_classes":"none","title":"So laufen die Feedback- und Entwicklungsgespräche ab","_evolveTags":[],"_updatedAt":"2020-12-14T10:45:53.128Z","_createdAt":"2020-10-06T06:44:59.448Z","_type":"article","_isSnapShot":false,"_isHidden":false,"_isEnabled":true,"_courseOrder":"4-0","_childrenIds":["5f7c126b0aa7fc4a15963ea2"]},{"_id":"5f9fc63133df1b745ebc52bb","_sortOrder":1,"_parentId":"5f7c126b0aa7fc4a15963ea0","_courseId":"5f4cdba4bc8f9d107854ffe0","_createdBy":"5dcd26e142786d38a8a6ae57","__v":0,"_refId":"5f9fc63133df1b745ebc52bb","_updatedBy":"5dcd26e142786d38a8a6ae57","_search":{"_searchTagIds":[]},"_progress":{"_isEnabled":true},"_contentLocking":{"_lockedApperance":"default","_requiredAmount":0,"_requiredCompleteIds":[],"_lockIcon":"lock","_lockedText":"This article is locked","_shouldDisableNotifyOnUnlock":false,"_lockingType":"component","_isEnabled":false},"_bookShelf":{"_isShelved":false,"_isEnabled":false},"_animations":{"_easing":"default","_delay":0,"_scaleIn":{"_from":50,"_isEnabled":false},"_fadeIn":{"_from":0,"_isEnabled":false},"_slideInY":{"_from":50,"_isReverseDirection":false,"_isEnabled":false},"_slideInX":{"_from":50,"_isReverseDirection":false,"_isEnabled":false}},"_dividers":{"_after":{"_graphicTextStyles":{"_mobile":{"_fontColor":"transparent"},"_tablet":{"_fontColor":"transparent"},"_desktop":{"_fontColor":"transparent"}},"_graphicTextRightPadding":0,"_graphicTextLeftPadding":0,"_graphicTextBottomPadding":0,"_graphicTextTopPadding":0,"_graphicTextWidth":100,"_graphicTextLayout":"top","_shouldEnableGraphicText":false,"_graphic":{"_small":{"_shouldRepeat":false,"_height":200,"src":{"_id":"5f7db8377b1ca4199e034b46","_extension":"png","_type":"image"}},"_large":{"_shouldRepeat":false,"_height":200,"src":{"_type":"image","_extension":"png","_id":"5f7db8377b1ca4199e034b46"}}},"_isEnabled":true},"_before":{"_graphicTextStyles":{"_mobile":{"_fontColor":"transparent"},"_tablet":{"_fontColor":"transparent"},"_desktop":{"_fontColor":"transparent"}},"_graphicTextRightPadding":0,"_graphicTextLeftPadding":0,"_graphicTextBottomPadding":0,"_graphicTextTopPadding":0,"_graphicTextWidth":100,"_graphicTextLayout":"top","_shouldEnableGraphicText":false,"_graphic":{"_small":{"_shouldRepeat":false,"_height":200,"src":{"_type":"image","_extension":"png","_id":"5f7db6df7b1ca4199e034b44"}},"_large":{"_shouldRepeat":false,"_height":200,"src":{"_type":"image","_extension":"png","_id":"5f7db6df7b1ca4199e034b44"}}},"_isEnabled":true}},"_mobileBackgroundImage":{"_repeat":false,"_position":"center","_size":"initial"},"_backgroundImage":{"_repeat":false,"_position":"center","_size":"initial"},"_hasScrollActionButton":false,"_classes":"article-style-5","title":"New Article Title","_evolveTags":[],"_updatedAt":"2020-11-04T17:47:21.871Z","_createdAt":"2020-11-02T08:41:21.721Z","_type":"article","_isSnapShot":false,"_isHidden":false,"_isEnabled":true,"_courseOrder":"4-1","_childrenIds":["5f9fc63133df1b745ebc52bc"]},{"_id":"5f9bc5521e6b8526fbc17b38","_sortOrder":2,"_parentId":"5f7c126b0aa7fc4a15963ea0","_courseId":"5f4cdba4bc8f9d107854ffe0","_createdBy":"5dcd26e142786d38a8a6ae57","__v":0,"_refId":"5f9bc5521e6b8526fbc17b38","displayTitle":"WAS DICH VIELLEICHT AUCH INTERESSIEREN K&Ouml;NNTE ...<br>&mdash;","_updatedBy":"5dcd26e142786d38a8a6ae57","_search":{"_searchTagIds":[]},"_progress":{"_isEnabled":true},"_contentLocking":{"_lockedApperance":"default","_requiredAmount":0,"_requiredCompleteIds":[],"_lockIcon":"lock","_lockedText":"This article is locked","_shouldDisableNotifyOnUnlock":false,"_lockingType":"component","_isEnabled":false},"_bookShelf":{"_isShelved":false,"_isEnabled":false},"_animations":{"_easing":"default","_delay":0,"_scaleIn":{"_from":50,"_isEnabled":false},"_fadeIn":{"_from":0,"_isEnabled":false},"_slideInY":{"_from":50,"_isReverseDirection":false,"_isEnabled":false},"_slideInX":{"_from":50,"_isReverseDirection":false,"_isEnabled":false}},"_dividers":{"_after":{"_graphicTextStyles":{"_mobile":{"_fontColor":"transparent"},"_tablet":{"_fontColor":"transparent"},"_desktop":{"_fontColor":"transparent"}},"_graphicTextRightPadding":0,"_graphicTextLeftPadding":0,"_graphicTextBottomPadding":0,"_graphicTextTopPadding":0,"_graphicTextWidth":100,"_graphicTextLayout":"top","_shouldEnableGraphicText":false,"_graphic":{"_small":{"_shouldRepeat":false,"_height":400,"src":{"_type":"image","_extension":"png","_id":"5fa2de15e885a441ebec925d"}},"_large":{"_shouldRepeat":false,"_height":400,"src":{"_id":"5fa2de15e885a441ebec925d","_extension":"png","_type":"image"}}},"_isEnabled":false},"_before":{"_graphicTextStyles":{"_mobile":{"_fontColor":"transparent"},"_tablet":{"_fontColor":"transparent"},"_desktop":{"_fontColor":"transparent"}},"_graphicTextRightPadding":0,"_graphicTextLeftPadding":0,"_graphicTextBottomPadding":0,"_graphicTextTopPadding":0,"_graphicTextWidth":100,"_graphicTextLayout":"top","_shouldEnableGraphicText":false,"_graphic":{"_small":{"_shouldRepeat":false,"_height":400,"src":{"_id":"5fa2de16e885a441ebec925e","_extension":"png","_type":"image"}},"_large":{"_shouldRepeat":false,"_height":400,"src":{"_type":"image","_extension":"png","_id":"5fa2de16e885a441ebec925e"}}},"_isEnabled":true}},"_mobileBackgroundImage":{"_repeat":false,"_position":"center","_size":"initial"},"_backgroundImage":{"_repeat":false,"_position":"center","_size":"initial"},"_hasScrollActionButton":false,"_classes":"none","title":"Was Dich vielleicht auch interessieren könnte …","_evolveTags":[],"_updatedAt":"2020-12-14T10:46:00.477Z","_createdAt":"2020-10-30T07:48:34.537Z","_type":"article","_isSnapShot":false,"_isHidden":false,"_isEnabled":true,"_courseOrder":"4-2","_childrenIds":["5fa52ff02680c80524507f92","5fa2e988e885a441ebec92d2"]},{"_id":"5f9bc6ed1e6b8526fbc17b59","_sortOrder":3,"_parentId":"5f7c126b0aa7fc4a15963ea0","_courseId":"5f4cdba4bc8f9d107854ffe0","_createdBy":"5dcd26e142786d38a8a6ae57","__v":0,"_refId":"5f9bc6ed1e6b8526fbc17b59","displayTitle":"","_updatedBy":"5dcd26e142786d38a8a6ae57","_search":{"_searchTagIds":[]},"_progress":{"_isEnabled":true},"_contentLocking":{"_lockedApperance":"default","_requiredAmount":0,"_requiredCompleteIds":[],"_lockIcon":"lock","_lockedText":"This article is locked","_shouldDisableNotifyOnUnlock":false,"_lockingType":"component","_isEnabled":false},"_bookShelf":{"_isShelved":false,"_isEnabled":false},"_animations":{"_easing":"default","_delay":0,"_scaleIn":{"_from":50,"_isEnabled":false},"_fadeIn":{"_from":0,"_isEnabled":false},"_slideInY":{"_from":50,"_isReverseDirection":false,"_isEnabled":false},"_slideInX":{"_from":50,"_isReverseDirection":false,"_isEnabled":false}},"_dividers":{"_after":{"_graphicTextStyles":{"_mobile":{"_fontColor":"transparent"},"_tablet":{"_fontColor":"transparent"},"_desktop":{"_fontColor":"transparent"}},"_graphicTextRightPadding":0,"_graphicTextLeftPadding":0,"_graphicTextBottomPadding":0,"_graphicTextTopPadding":0,"_graphicTextWidth":100,"_graphicTextLayout":"top","_shouldEnableGraphicText":false,"_graphic":{"_small":{"_shouldRepeat":false,"_height":200},"_large":{"_shouldRepeat":false,"_height":200}},"_isEnabled":false},"_before":{"_graphicTextStyles":{"_mobile":{"_fontColor":"transparent"},"_tablet":{"_fontColor":"transparent"},"_desktop":{"_fontColor":"transparent"}},"_graphicTextRightPadding":0,"_graphicTextLeftPadding":0,"_graphicTextBottomPadding":0,"_graphicTextTopPadding":0,"_graphicTextWidth":100,"_graphicTextLayout":"top","_shouldEnableGraphicText":false,"_graphic":{"_small":{"_shouldRepeat":false,"_height":200},"_large":{"_shouldRepeat":false,"_height":200}},"_isEnabled":false}},"_mobileBackgroundImage":{"_repeat":false,"_position":"center","_size":"initial"},"_backgroundImage":{"_repeat":false,"_position":"center","_size":"initial"},"_hasScrollActionButton":false,"_classes":"none","title":"Was kann ich tun, wenn mein Mitarbeiter nicht befördert werden will?","_evolveTags":[],"_updatedAt":"2020-11-17T10:17:59.865Z","_createdAt":"2020-10-30T07:55:25.528Z","_type":"article","_isSnapShot":false,"_isHidden":false,"_isEnabled":true,"_courseOrder":"4-3","_childrenIds":["5f9bc6ed1e6b8526fbc17b5a"]},{"_id":"5f9fc67733df1b745ebc52c3","_sortOrder":4,"_parentId":"5f7c126b0aa7fc4a15963ea0","_courseId":"5f4cdba4bc8f9d107854ffe0","_createdBy":"5dcd26e142786d38a8a6ae57","__v":0,"_refId":"5f9fc67733df1b745ebc52c3","_updatedBy":"5dcd26e142786d38a8a6ae57","_search":{"_searchTagIds":[]},"_progress":{"_isEnabled":true},"_contentLocking":{"_lockedApperance":"default","_requiredAmount":0,"_requiredCompleteIds":[],"_lockIcon":"lock","_lockedText":"This article is locked","_shouldDisableNotifyOnUnlock":false,"_lockingType":"component","_isEnabled":false},"_bookShelf":{"_isShelved":false,"_isEnabled":false},"_animations":{"_easing":"default","_delay":0,"_scaleIn":{"_from":50,"_isEnabled":false},"_fadeIn":{"_from":0,"_isEnabled":false},"_slideInY":{"_from":50,"_isReverseDirection":false,"_isEnabled":false},"_slideInX":{"_from":50,"_isReverseDirection":false,"_isEnabled":false}},"_dividers":{"_after":{"_graphicTextStyles":{"_mobile":{"_fontColor":"transparent"},"_tablet":{"_fontColor":"transparent"},"_desktop":{"_fontColor":"transparent"}},"_graphicTextRightPadding":0,"_graphicTextLeftPadding":0,"_graphicTextBottomPadding":0,"_graphicTextTopPadding":0,"_graphicTextWidth":100,"_graphicTextLayout":"top","_shouldEnableGraphicText":false,"_graphic":{"_small":{"_shouldRepeat":false,"_height":200,"src":{"_id":"5f7db8377b1ca4199e034b46","_extension":"png","_type":"image"}},"_large":{"_shouldRepeat":false,"_height":200,"src":{"_type":"image","_extension":"png","_id":"5f7db8377b1ca4199e034b46"}}},"_isEnabled":true},"_before":{"_graphicTextStyles":{"_mobile":{"_fontColor":"transparent"},"_tablet":{"_fontColor":"transparent"},"_desktop":{"_fontColor":"transparent"}},"_graphicTextRightPadding":0,"_graphicTextLeftPadding":0,"_graphicTextBottomPadding":0,"_graphicTextTopPadding":0,"_graphicTextWidth":100,"_graphicTextLayout":"top","_shouldEnableGraphicText":false,"_graphic":{"_small":{"_shouldRepeat":false,"_height":200,"src":{"_type":"image","_extension":"png","_id":"5f7db6df7b1ca4199e034b44"}},"_large":{"_shouldRepeat":false,"_height":200,"src":{"_type":"image","_extension":"png","_id":"5f7db6df7b1ca4199e034b44"}}},"_isEnabled":true}},"_mobileBackgroundImage":{"_repeat":false,"_position":"center","_size":"initial"},"_backgroundImage":{"_repeat":false,"_position":"center","_size":"initial"},"_hasScrollActionButton":false,"_classes":"article-style-5","title":"New Article Title","_evolveTags":[],"_updatedAt":"2020-12-14T11:07:58.623Z","_createdAt":"2020-11-02T08:42:31.020Z","_type":"article","_isSnapShot":false,"_isHidden":false,"_isEnabled":true,"_courseOrder":"4-4","_childrenIds":["5f9bc7561e6b8526fbc17b62"]},{"_id":"5fa2eaf1e885a441ebec92ea","_sortOrder":5,"_parentId":"5f7c126b0aa7fc4a15963ea0","_courseId":"5f4cdba4bc8f9d107854ffe0","_createdBy":"5dcd26e142786d38a8a6ae57","__v":0,"_refId":"5fa2eaf1e885a441ebec92ea","displayTitle":"WELCHE MASSNAHMEN KANN ICH F&Uuml;R DIE ENTWICKLUNG MEINER MITARBEITER AUSW&Auml;HLEN?<br>&mdash;","_updatedBy":"5dcd26e142786d38a8a6ae57","_search":{"_searchTagIds":[]},"_progress":{"_isEnabled":true},"_contentLocking":{"_lockedApperance":"default","_requiredAmount":0,"_requiredCompleteIds":[],"_lockIcon":"lock","_lockedText":"This article is locked","_shouldDisableNotifyOnUnlock":false,"_lockingType":"component","_isEnabled":false},"_bookShelf":{"_isShelved":false,"_isEnabled":false},"_animations":{"_easing":"default","_delay":0,"_scaleIn":{"_from":50,"_isEnabled":false},"_fadeIn":{"_from":0,"_isEnabled":false},"_slideInY":{"_from":50,"_isReverseDirection":false,"_isEnabled":false},"_slideInX":{"_from":50,"_isReverseDirection":false,"_isEnabled":false}},"_dividers":{"_after":{"_graphicTextStyles":{"_mobile":{"_fontColor":"transparent"},"_tablet":{"_fontColor":"transparent"},"_desktop":{"_fontColor":"transparent"}},"_graphicTextRightPadding":0,"_graphicTextLeftPadding":0,"_graphicTextBottomPadding":0,"_graphicTextTopPadding":0,"_graphicTextWidth":100,"_graphicTextLayout":"top","_shouldEnableGraphicText":false,"_graphic":{"_small":{"_shouldRepeat":false,"_height":200},"_large":{"_shouldRepeat":false,"_height":200}},"_isEnabled":false},"_before":{"_graphicTextStyles":{"_mobile":{"_fontColor":"transparent"},"_tablet":{"_fontColor":"transparent"},"_desktop":{"_fontColor":"transparent"}},"_graphicTextRightPadding":0,"_graphicTextLeftPadding":0,"_graphicTextBottomPadding":0,"_graphicTextTopPadding":0,"_graphicTextWidth":100,"_graphicTextLayout":"top","_shouldEnableGraphicText":false,"_graphic":{"_small":{"_shouldRepeat":false,"_height":200},"_large":{"_shouldRepeat":false,"_height":200}},"_isEnabled":false}},"_mobileBackgroundImage":{"_repeat":false,"_position":"center","_size":"initial"},"_backgroundImage":{"_repeat":false,"_position":"center","_size":"initial"},"_hasScrollActionButton":false,"_classes":"none","title":"WELCHE MASSNAHMEN KANN ICH FÜR DIE ENTWICKLUNG MEINER MITARBEITER AUSWÄHLEN?","_evolveTags":[],"_updatedAt":"2020-12-14T10:46:09.984Z","_createdAt":"2020-11-04T17:54:57.792Z","_type":"article","_isSnapShot":false,"_isHidden":false,"_isEnabled":true,"_courseOrder":"4-5","_childrenIds":["5f9bc7741e6b8526fbc17b68"]},{"_id":"5fa2eb2be885a441ebec92f1","_sortOrder":6,"_parentId":"5f7c126b0aa7fc4a15963ea0","_courseId":"5f4cdba4bc8f9d107854ffe0","_createdBy":"5dcd26e142786d38a8a6ae57","__v":0,"_refId":"5fa2eb2be885a441ebec92f1","_updatedBy":"5dcd26e142786d38a8a6ae57","_search":{"_searchTagIds":[]},"_progress":{"_isEnabled":true},"_contentLocking":{"_lockedApperance":"default","_requiredAmount":0,"_requiredCompleteIds":[],"_lockIcon":"lock","_lockedText":"This article is locked","_shouldDisableNotifyOnUnlock":false,"_lockingType":"component","_isEnabled":false},"_bookShelf":{"_isShelved":false,"_isEnabled":false},"_animations":{"_easing":"default","_delay":0,"_scaleIn":{"_from":50,"_isEnabled":false},"_fadeIn":{"_from":0,"_isEnabled":false},"_slideInY":{"_from":50,"_isReverseDirection":false,"_isEnabled":false},"_slideInX":{"_from":50,"_isReverseDirection":false,"_isEnabled":false}},"_dividers":{"_after":{"_graphicTextStyles":{"_mobile":{"_fontColor":"transparent"},"_tablet":{"_fontColor":"transparent"},"_desktop":{"_fontColor":"transparent"}},"_graphicTextRightPadding":0,"_graphicTextLeftPadding":0,"_graphicTextBottomPadding":0,"_graphicTextTopPadding":0,"_graphicTextWidth":100,"_graphicTextLayout":"top","_shouldEnableGraphicText":false,"_graphic":{"_small":{"_shouldRepeat":false,"_height":200},"_large":{"_shouldRepeat":false,"_height":200}},"_isEnabled":false},"_before":{"_graphicTextStyles":{"_mobile":{"_fontColor":"transparent"},"_tablet":{"_fontColor":"transparent"},"_desktop":{"_fontColor":"transparent"}},"_graphicTextRightPadding":0,"_graphicTextLeftPadding":0,"_graphicTextBottomPadding":0,"_graphicTextTopPadding":0,"_graphicTextWidth":100,"_graphicTextLayout":"top","_shouldEnableGraphicText":false,"_graphic":{"_small":{"_shouldRepeat":false,"_height":200},"_large":{"_shouldRepeat":false,"_height":200}},"_isEnabled":false}},"_mobileBackgroundImage":{"_repeat":false,"_position":"center","_size":"initial"},"_backgroundImage":{"_repeat":true,"_position":"center","_size":"initial","src":{"_type":"image","_extension":"png","_id":"5fa2de15e885a441ebec925c"}},"_hasScrollActionButton":false,"_classes":"article-style-6","title":"New Article Title","_evolveTags":[],"_updatedAt":"2020-11-04T17:58:42.372Z","_createdAt":"2020-11-04T17:55:55.873Z","_type":"article","_isSnapShot":false,"_isHidden":false,"_isEnabled":true,"_courseOrder":"4-6","_childrenIds":["5f9bd0541e6b8526fbc17b72","5f9bd0e01e6b8526fbc17b7c"]},{"_id":"5fa2ec10e885a441ebec92f9","_sortOrder":7,"_parentId":"5f7c126b0aa7fc4a15963ea0","_courseId":"5f4cdba4bc8f9d107854ffe0","_createdBy":"5dcd26e142786d38a8a6ae57","__v":0,"_refId":"5fa2ec10e885a441ebec92f9","_search":{"_searchTagIds":[]},"_progress":{"_isEnabled":true},"_contentLocking":{"_lockedApperance":"default","_requiredAmount":0,"_requiredCompleteIds":[],"_lockIcon":"lock","_lockedText":"This article is locked","_shouldDisableNotifyOnUnlock":false,"_lockingType":"component","_isEnabled":false},"_bookShelf":{"_isShelved":false,"_isEnabled":false},"_animations":{"_easing":"default","_delay":0,"_scaleIn":{"_from":50,"_isEnabled":false},"_fadeIn":{"_from":0,"_isEnabled":false},"_slideInY":{"_from":50,"_isReverseDirection":false,"_isEnabled":false},"_slideInX":{"_from":50,"_isReverseDirection":false,"_isEnabled":false}},"_dividers":{"_after":{"_graphicTextStyles":{"_mobile":{"_fontColor":"transparent"},"_tablet":{"_fontColor":"transparent"},"_desktop":{"_fontColor":"transparent"}},"_graphicTextRightPadding":0,"_graphicTextLeftPadding":0,"_graphicTextBottomPadding":0,"_graphicTextTopPadding":0,"_graphicTextWidth":100,"_graphicTextLayout":"top","_shouldEnableGraphicText":false,"_graphic":{"_small":{"_shouldRepeat":false,"_height":200},"_large":{"_shouldRepeat":false,"_height":200}},"_isEnabled":false},"_before":{"_graphicTextStyles":{"_mobile":{"_fontColor":"transparent"},"_tablet":{"_fontColor":"transparent"},"_desktop":{"_fontColor":"transparent"}},"_graphicTextRightPadding":0,"_graphicTextLeftPadding":0,"_graphicTextBottomPadding":0,"_graphicTextTopPadding":0,"_graphicTextWidth":100,"_graphicTextLayout":"top","_shouldEnableGraphicText":false,"_graphic":{"_small":{"_shouldRepeat":false,"_height":200},"_large":{"_shouldRepeat":false,"_height":200}},"_isEnabled":false}},"_mobileBackgroundImage":{"_repeat":false,"_position":"center","_size":"initial"},"_backgroundImage":{"_repeat":false,"_position":"center","_size":"initial"},"_hasScrollActionButton":false,"_classes":"none","title":"New Article Title","_evolveTags":[],"_updatedAt":"2020-11-04T17:59:44.842Z","_createdAt":"2020-11-04T17:59:44.842Z","_type":"article","_isSnapShot":false,"_isHidden":false,"_isEnabled":true,"_courseOrder":"4-7","_childrenIds":["5f9bd1a31e6b8526fbc17b85","5f9bd1dd1e6b8526fbc17b8f"]},{"_id":"5fa2ec24e885a441ebec92ff","_sortOrder":8,"_parentId":"5f7c126b0aa7fc4a15963ea0","_courseId":"5f4cdba4bc8f9d107854ffe0","_createdBy":"5dcd26e142786d38a8a6ae57","__v":0,"_refId":"5fa2ec24e885a441ebec92ff","_updatedBy":"5dcd26e142786d38a8a6ae57","_search":{"_searchTagIds":[]},"_progress":{"_isEnabled":true},"_contentLocking":{"_lockedApperance":"default","_requiredAmount":0,"_requiredCompleteIds":[],"_lockIcon":"lock","_lockedText":"This article is locked","_shouldDisableNotifyOnUnlock":false,"_lockingType":"component","_isEnabled":false},"_bookShelf":{"_isShelved":false,"_isEnabled":false},"_animations":{"_easing":"default","_delay":0,"_scaleIn":{"_from":50,"_isEnabled":false},"_fadeIn":{"_from":0,"_isEnabled":false},"_slideInY":{"_from":50,"_isReverseDirection":false,"_isEnabled":false},"_slideInX":{"_from":50,"_isReverseDirection":false,"_isEnabled":false}},"_dividers":{"_after":{"_graphicTextStyles":{"_mobile":{"_fontColor":"transparent"},"_tablet":{"_fontColor":"transparent"},"_desktop":{"_fontColor":"transparent"}},"_graphicTextRightPadding":0,"_graphicTextLeftPadding":0,"_graphicTextBottomPadding":0,"_graphicTextTopPadding":0,"_graphicTextWidth":100,"_graphicTextLayout":"top","_shouldEnableGraphicText":false,"_graphic":{"_small":{"_shouldRepeat":false,"_height":200},"_large":{"_shouldRepeat":false,"_height":200}},"_isEnabled":false},"_before":{"_graphicTextStyles":{"_mobile":{"_fontColor":"transparent"},"_tablet":{"_fontColor":"transparent"},"_desktop":{"_fontColor":"transparent"}},"_graphicTextRightPadding":0,"_graphicTextLeftPadding":0,"_graphicTextBottomPadding":0,"_graphicTextTopPadding":0,"_graphicTextWidth":100,"_graphicTextLayout":"top","_shouldEnableGraphicText":false,"_graphic":{"_small":{"_shouldRepeat":false,"_height":200},"_large":{"_shouldRepeat":false,"_height":200}},"_isEnabled":false}},"_mobileBackgroundImage":{"_repeat":false,"_position":"center","_size":"initial"},"_backgroundImage":{"_repeat":true,"_position":"center","_size":"initial","src":{"_id":"5fa2de15e885a441ebec925c","_extension":"png","_type":"image"}},"_hasScrollActionButton":false,"_classes":"article-style-6","title":"New Article Title","_evolveTags":[],"_updatedAt":"2020-11-04T18:00:26.084Z","_createdAt":"2020-11-04T18:00:04.694Z","_type":"article","_isSnapShot":false,"_isHidden":false,"_isEnabled":true,"_courseOrder":"4-8","_childrenIds":["5f9bd2851e6b8526fbc17b98","5f9bd2b61e6b8526fbc17ba1"]},{"_id":"5fa2ec5de885a441ebec9306","_sortOrder":9,"_parentId":"5f7c126b0aa7fc4a15963ea0","_courseId":"5f4cdba4bc8f9d107854ffe0","_createdBy":"5dcd26e142786d38a8a6ae57","__v":0,"_refId":"5fa2ec5de885a441ebec9306","_search":{"_searchTagIds":[]},"_progress":{"_isEnabled":true},"_contentLocking":{"_lockedApperance":"default","_requiredAmount":0,"_requiredCompleteIds":[],"_lockIcon":"lock","_lockedText":"This article is locked","_shouldDisableNotifyOnUnlock":false,"_lockingType":"component","_isEnabled":false},"_bookShelf":{"_isShelved":false,"_isEnabled":false},"_animations":{"_easing":"default","_delay":0,"_scaleIn":{"_from":50,"_isEnabled":false},"_fadeIn":{"_from":0,"_isEnabled":false},"_slideInY":{"_from":50,"_isReverseDirection":false,"_isEnabled":false},"_slideInX":{"_from":50,"_isReverseDirection":false,"_isEnabled":false}},"_dividers":{"_after":{"_graphicTextStyles":{"_mobile":{"_fontColor":"transparent"},"_tablet":{"_fontColor":"transparent"},"_desktop":{"_fontColor":"transparent"}},"_graphicTextRightPadding":0,"_graphicTextLeftPadding":0,"_graphicTextBottomPadding":0,"_graphicTextTopPadding":0,"_graphicTextWidth":100,"_graphicTextLayout":"top","_shouldEnableGraphicText":false,"_graphic":{"_small":{"_shouldRepeat":false,"_height":200},"_large":{"_shouldRepeat":false,"_height":200}},"_isEnabled":false},"_before":{"_graphicTextStyles":{"_mobile":{"_fontColor":"transparent"},"_tablet":{"_fontColor":"transparent"},"_desktop":{"_fontColor":"transparent"}},"_graphicTextRightPadding":0,"_graphicTextLeftPadding":0,"_graphicTextBottomPadding":0,"_graphicTextTopPadding":0,"_graphicTextWidth":100,"_graphicTextLayout":"top","_shouldEnableGraphicText":false,"_graphic":{"_small":{"_shouldRepeat":false,"_height":200},"_large":{"_shouldRepeat":false,"_height":200}},"_isEnabled":false}},"_mobileBackgroundImage":{"_repeat":false,"_position":"center","_size":"initial"},"_backgroundImage":{"_repeat":false,"_position":"center","_size":"initial"},"_hasScrollActionButton":false,"_classes":"none","title":"New Article Title","_evolveTags":[],"_updatedAt":"2020-11-04T18:01:01.249Z","_createdAt":"2020-11-04T18:01:01.249Z","_type":"article","_isSnapShot":false,"_isHidden":false,"_isEnabled":true,"_courseOrder":"4-9","_childrenIds":["5f9bd30e1e6b8526fbc17baa","5f9bd3371e6b8526fbc17bb3"]},{"_id":"5f9bc7741e6b8526fbc17b67","_sortOrder":10,"_parentId":"5f7c126b0aa7fc4a15963ea0","_courseId":"5f4cdba4bc8f9d107854ffe0","_createdBy":"5dcd26e142786d38a8a6ae57","__v":0,"_refId":"5f9bc7741e6b8526fbc17b67","body":"","_updatedBy":"5dcd26e142786d38a8a6ae57","displayTitle":"","_search":{"_searchTagIds":[]},"_progress":{"_isEnabled":true},"_contentLocking":{"_lockedApperance":"default","_requiredAmount":0,"_requiredCompleteIds":[],"_lockIcon":"lock","_lockedText":"This article is locked","_shouldDisableNotifyOnUnlock":false,"_lockingType":"component","_isEnabled":false},"_bookShelf":{"_isShelved":false,"_isEnabled":false},"_animations":{"_easing":"default","_delay":0,"_scaleIn":{"_from":50,"_isEnabled":false},"_fadeIn":{"_from":0,"_isEnabled":false},"_slideInY":{"_from":50,"_isReverseDirection":false,"_isEnabled":false},"_slideInX":{"_from":50,"_isReverseDirection":false,"_isEnabled":false}},"_dividers":{"_after":{"_graphicTextStyles":{"_mobile":{"_fontColor":"transparent"},"_tablet":{"_fontColor":"transparent"},"_desktop":{"_fontColor":"transparent"}},"_graphicTextRightPadding":0,"_graphicTextLeftPadding":0,"_graphicTextBottomPadding":0,"_graphicTextTopPadding":0,"_graphicTextWidth":100,"_graphicTextLayout":"top","_shouldEnableGraphicText":false,"_graphic":{"_small":{"_shouldRepeat":false,"_height":200},"_large":{"_shouldRepeat":false,"_height":200}},"_isEnabled":false},"_before":{"_graphicTextStyles":{"_mobile":{"_fontColor":"transparent"},"_tablet":{"_fontColor":"transparent"},"_desktop":{"_fontColor":"transparent"}},"_graphicTextRightPadding":0,"_graphicTextLeftPadding":0,"_graphicTextBottomPadding":0,"_graphicTextTopPadding":0,"_graphicTextWidth":100,"_graphicTextLayout":"top","_shouldEnableGraphicText":false,"_graphic":{"_small":{"_shouldRepeat":false,"_height":200},"_large":{"_shouldRepeat":false,"_height":200}},"_isEnabled":false}},"_mobileBackgroundImage":{"_repeat":false,"_position":"center","_size":"initial"},"_backgroundImage":{"_repeat":true,"_position":"center","_size":"initial","src":{"_id":"5fa2de15e885a441ebec925c","_extension":"png","_type":"image"}},"_hasScrollActionButton":false,"_classes":"article-style-6","title":"Article Title","_evolveTags":[],"_updatedAt":"2020-11-04T18:01:32.739Z","_createdAt":"2020-10-30T07:57:40.553Z","_type":"article","_isSnapShot":false,"_isHidden":false,"_isEnabled":true,"_courseOrder":"4-10","_childrenIds":["5f9bd3a81e6b8526fbc17bbc","5f9bd3d91e6b8526fbc17bc6"]},{"_id":"5f9bd4ca1e6b8526fbc17bcf","_sortOrder":11,"_parentId":"5f7c126b0aa7fc4a15963ea0","_courseId":"5f4cdba4bc8f9d107854ffe0","_createdBy":"5dcd26e142786d38a8a6ae57","__v":0,"_refId":"5f9bd4ca1e6b8526fbc17bcf","_updatedBy":"5dcd26e142786d38a8a6ae57","displayTitle":"LOS GEHT&#39;S!<br>&mdash;","_search":{"_searchTagIds":[]},"_progress":{"_isEnabled":true},"_contentLocking":{"_lockedApperance":"default","_requiredAmount":0,"_requiredCompleteIds":[],"_lockIcon":"lock","_lockedText":"This article is locked","_shouldDisableNotifyOnUnlock":false,"_lockingType":"component","_isEnabled":false},"_bookShelf":{"_isShelved":false,"_isEnabled":false},"_animations":{"_easing":"default","_delay":0,"_scaleIn":{"_from":50,"_isEnabled":false},"_fadeIn":{"_from":0,"_isEnabled":false},"_slideInY":{"_from":50,"_isReverseDirection":false,"_isEnabled":false},"_slideInX":{"_from":50,"_isReverseDirection":false,"_isEnabled":false}},"_dividers":{"_after":{"_graphicTextStyles":{"_mobile":{"_fontColor":"transparent"},"_tablet":{"_fontColor":"transparent"},"_desktop":{"_fontColor":"transparent"}},"_graphicTextRightPadding":0,"_graphicTextLeftPadding":0,"_graphicTextBottomPadding":0,"_graphicTextTopPadding":0,"_graphicTextWidth":100,"_graphicTextLayout":"top","_shouldEnableGraphicText":false,"_graphic":{"_small":{"_shouldRepeat":false,"_height":200},"_large":{"_shouldRepeat":false,"_height":200}},"_isEnabled":false},"_before":{"_graphicTextStyles":{"_mobile":{"_fontColor":"transparent"},"_tablet":{"_fontColor":"transparent"},"_desktop":{"_fontColor":"transparent"}},"_graphicTextRightPadding":0,"_graphicTextLeftPadding":0,"_graphicTextBottomPadding":0,"_graphicTextTopPadding":0,"_graphicTextWidth":100,"_graphicTextLayout":"top","_shouldEnableGraphicText":false,"_graphic":{"_small":{"_shouldRepeat":false,"_height":200},"_large":{"_shouldRepeat":false,"_height":200}},"_isEnabled":false}},"_mobileBackgroundImage":{"_repeat":false,"_position":"center","_size":"initial"},"_backgroundImage":{"_repeat":false,"_position":"center","_size":"initial"},"_hasScrollActionButton":false,"_classes":"none","title":"Los geht’s!","_evolveTags":[],"_updatedAt":"2020-12-14T10:46:26.886Z","_createdAt":"2020-10-30T08:54:34.266Z","_type":"article","_isSnapShot":false,"_isHidden":false,"_isEnabled":true,"_courseOrder":"4-11","_childrenIds":["5f9bd4ca1e6b8526fbc17bd0"]}]
