[{"_id":"5fa3ca2a1cff676492263a39","_refId":"5fa3ca2a1cff676492263a39","title":"Start","_courseId":"5f4cdba4bc8f9d107854ffe0","_createdBy":"5dcd26e142786d38a8a6ae57","_isSnapShot":false,"_sortOrder":1,"_updatedAt":"2020-12-15T10:27:23.570Z","_createdAt":"2020-11-05T09:47:22.560Z","_type":"trigger","_isEnabled":true,"actions":[{"_id":"5fa3ca2a1cff676492263a3a","actionType":"NAVIGATE_TO_PAGE","payload":{"contentId":"5f7c12ed0aa7fc4a15963ea7"}}],"conditions":[{"_id":"5fa3ca361cff676492263a3e","comparisons":[],"contentIds":[]}],"__v":0,"_updatedBy":"5dcd26e142786d38a8a6ae57","event":"courseLoaded"},{"_id":"5fa3ca5b1cff676492263a40","_refId":"5fa3ca5b1cff676492263a40","title":"Menü","_courseId":"5f4cdba4bc8f9d107854ffe0","_createdBy":"5dcd26e142786d38a8a6ae57","_isSnapShot":false,"_sortOrder":2,"_updatedAt":"2020-11-23T16:08:28.185Z","_createdAt":"2020-11-05T09:48:11.472Z","_type":"trigger","_isEnabled":true,"actions":[{"_id":"5fa3ca5b1cff676492263a41","actionType":"SHOW_HIDDEN_PAGES","payload":{"contentIds":["5f7c12540aa7fc4a15963e9b","5f7c12280aa7fc4a15963e91","5f7c123f0aa7fc4a15963e96","5f7c126b0aa7fc4a15963ea0"]}},{"payload":{"contentIds":["5f7c12ed0aa7fc4a15963ea7"]},"actionType":"HIDE_PAGES","_id":"5fa3ca711cff676492263a46"}],"conditions":[{"_id":"5fa3cac61cff676492263a48","comparisons":[],"contentIds":["5f7c12ed0aa7fc4a15963ea7"]}],"__v":0,"_updatedBy":"5dcd26e142786d38a8a6ae57","event":"pageUnloaded"},{"_id":"5fa3cbc71cff676492263a51","_refId":"5fa3cbc71cff676492263a51","title":"Menü Button","_courseId":"5f4cdba4bc8f9d107854ffe0","_createdBy":"5dcd26e142786d38a8a6ae57","_isSnapShot":false,"_sortOrder":3,"_updatedAt":"2020-12-14T07:42:18.910Z","_createdAt":"2020-11-05T09:54:15.991Z","_type":"trigger","_isEnabled":true,"actions":[{"_id":"5fa3cbc71cff676492263a52","actionType":"SHOW_HIDDEN_COMPONENTS","payload":{"contentIds":["5fa3caf81cff676492263a4b"]}},{"payload":{"contentIds":["5fd36fe73e273d087fd8aa52"]},"actionType":"HIDE_COMPONENTS","_id":"5fd71742afd19c4b38521abc"}],"conditions":[{"_id":"5fa3cbd31cff676492263a56","comparisons":[],"contentIds":["5f7c131e0aa7fc4a15963eac"]}],"__v":0,"_updatedBy":"5dcd26e142786d38a8a6ae57","event":"componentsCompleted"}]
