[{"_id":"5fca455a39ddb2730f177367","_sortOrder":0,"_parentId":"5f7c12ed0aa7fc4a15963ea8","_courseId":"5f4cdba4bc8f9d107854ffe0","_createdBy":"5dcd26e142786d38a8a6ae57","__v":0,"_refId":"5fca455a39ddb2730f177367","_updatedBy":"5dcd26e142786d38a8a6ae57","_search":{"_searchTagIds":[]},"_courseAttainment":{"_isEnabled":false},"_animations":{"_right":{"_easing":"default","_delay":0,"_scaleIn":{"_from":50,"_isEnabled":false},"_fadeIn":{"_from":0,"_isEnabled":false},"_slideInY":{"_from":50,"_isReverseDirection":false,"_isEnabled":false},"_slideInX":{"_from":50,"_isReverseDirection":false,"_isEnabled":false},"_isEnabled":false},"_left":{"_easing":"default","_delay":0,"_scaleIn":{"_from":50,"_isEnabled":false},"_fadeIn":{"_from":0,"_isEnabled":false},"_slideInY":{"_from":50,"_isReverseDirection":false,"_isEnabled":false},"_slideInX":{"_from":50,"_isReverseDirection":false,"_isEnabled":false},"_isEnabled":false},"_full":{"_easing":"default","_delay":0,"_scaleIn":{"_from":50,"_isEnabled":false},"_fadeIn":{"_from":0,"_isEnabled":false},"_slideInY":{"_from":50,"_isReverseDirection":false,"_isEnabled":false},"_slideInX":{"_from":50,"_isReverseDirection":false,"_isEnabled":false},"_isEnabled":false}},"_componentsVerticalAlignment":"center","_singleWidthIsCentered":true,"_singleWidthComponentLayout":"two-thirds-right","_classes":"","title":"New Block Title","_evolveTags":[],"_updatedAt":"2020-12-09T08:22:34.443Z","_createdAt":"2020-12-04T14:19:06.954Z","_type":"block","_isSnapShot":false,"_isHidden":false,"_isEnabled":true,"_courseOrder":"0-0-0","_childrenIds":["5fd088eef7a3703423f9e785","5fca456439ddb2730f177369"]},{"_id":"5f7c12ed0aa7fc4a15963ea9","_courseId":"5f4cdba4bc8f9d107854ffe0","_parentId":"5f7c12ed0aa7fc4a15963ea8","_sortOrder":1,"_createdBy":"5dcd26e142786d38a8a6ae57","__v":0,"_refId":"5f7c12ed0aa7fc4a15963ea9","_updatedBy":"5dcd26e142786d38a8a6ae57","_search":{"_searchTagIds":[]},"_courseAttainment":{"_isEnabled":false},"_animations":{"_right":{"_easing":"default","_delay":0,"_scaleIn":{"_from":50,"_isEnabled":false},"_fadeIn":{"_from":0,"_isEnabled":false},"_slideInY":{"_from":50,"_isReverseDirection":false,"_isEnabled":false},"_slideInX":{"_from":50,"_isReverseDirection":false,"_isEnabled":false},"_isEnabled":false},"_left":{"_easing":"default","_delay":0,"_scaleIn":{"_from":50,"_isEnabled":false},"_fadeIn":{"_from":0,"_isEnabled":false},"_slideInY":{"_from":50,"_isReverseDirection":false,"_isEnabled":false},"_slideInX":{"_from":50,"_isReverseDirection":false,"_isEnabled":false},"_isEnabled":false},"_full":{"_easing":"default","_delay":0,"_scaleIn":{"_from":50,"_isEnabled":false},"_fadeIn":{"_from":0,"_isEnabled":false},"_slideInY":{"_from":50,"_isReverseDirection":false,"_isEnabled":false},"_slideInX":{"_from":50,"_isReverseDirection":false,"_isEnabled":false},"_isEnabled":false}},"_componentsVerticalAlignment":"center","_singleWidthIsCentered":true,"_singleWidthComponentLayout":"default","_classes":"","title":"New Block Title","_evolveTags":[],"_updatedAt":"2020-10-30T13:19:43.898Z","_createdAt":"2020-10-06T06:47:09.330Z","_type":"block","_isSnapShot":false,"_isHidden":false,"_isEnabled":true,"_courseOrder":"0-0-1","_childrenIds":["5f7c131e0aa7fc4a15963eac","5f7c13220aa7fc4a15963eae"]},{"_id":"5fa52cbe2680c80524507f6f","_sortOrder":2,"_parentId":"5f7c12ed0aa7fc4a15963ea8","_courseId":"5f4cdba4bc8f9d107854ffe0","_createdBy":"5dcd26e142786d38a8a6ae57","__v":0,"_refId":"5fa52cbe2680c80524507f6f","_search":{"_searchTagIds":[]},"_courseAttainment":{"_isEnabled":false},"_animations":{"_right":{"_easing":"default","_delay":0,"_scaleIn":{"_from":50,"_isEnabled":false},"_fadeIn":{"_from":0,"_isEnabled":false},"_slideInY":{"_from":50,"_isReverseDirection":false,"_isEnabled":false},"_slideInX":{"_from":50,"_isReverseDirection":false,"_isEnabled":false},"_isEnabled":false},"_left":{"_easing":"default","_delay":0,"_scaleIn":{"_from":50,"_isEnabled":false},"_fadeIn":{"_from":0,"_isEnabled":false},"_slideInY":{"_from":50,"_isReverseDirection":false,"_isEnabled":false},"_slideInX":{"_from":50,"_isReverseDirection":false,"_isEnabled":false},"_isEnabled":false},"_full":{"_easing":"default","_delay":0,"_scaleIn":{"_from":50,"_isEnabled":false},"_fadeIn":{"_from":0,"_isEnabled":false},"_slideInY":{"_from":50,"_isReverseDirection":false,"_isEnabled":false},"_slideInX":{"_from":50,"_isReverseDirection":false,"_isEnabled":false},"_isEnabled":false}},"_componentsVerticalAlignment":"top","_singleWidthIsCentered":true,"_singleWidthComponentLayout":"default","_classes":"","title":"New Block Title","_evolveTags":[],"_updatedAt":"2020-11-06T11:00:14.313Z","_createdAt":"2020-11-06T11:00:14.313Z","_type":"block","_isSnapShot":false,"_isHidden":false,"_isEnabled":true,"_courseOrder":"0-0-2","_childrenIds":["5fa52cc22680c80524507f71"]},{"_id":"5fa52c972680c80524507f66","_sortOrder":3,"_parentId":"5f7c12ed0aa7fc4a15963ea8","_courseId":"5f4cdba4bc8f9d107854ffe0","_createdBy":"5dcd26e142786d38a8a6ae57","__v":0,"_refId":"5fa52c972680c80524507f66","_updatedBy":"5dcd26e142786d38a8a6ae57","body":"<p><strong><span style=\"font-size: 16px;\"><span class=\"ev-icon ev-icon-heart fr-deletable ev-inline-icon\">&nbsp;</span> Bei den folgenden Navigationserkl&auml;rungen werden keine Audios abgespielt.</span></strong><span style=\"font-size: 16px;\">&nbsp;</span></p>","_search":{"_searchTagIds":[]},"_courseAttainment":{"_isEnabled":false},"_animations":{"_right":{"_easing":"default","_delay":0,"_scaleIn":{"_from":50,"_isEnabled":false},"_fadeIn":{"_from":0,"_isEnabled":false},"_slideInY":{"_from":50,"_isReverseDirection":false,"_isEnabled":false},"_slideInX":{"_from":50,"_isReverseDirection":false,"_isEnabled":false},"_isEnabled":false},"_left":{"_easing":"default","_delay":0,"_scaleIn":{"_from":50,"_isEnabled":false},"_fadeIn":{"_from":0,"_isEnabled":false},"_slideInY":{"_from":50,"_isReverseDirection":false,"_isEnabled":false},"_slideInX":{"_from":50,"_isReverseDirection":false,"_isEnabled":false},"_isEnabled":false},"_full":{"_easing":"default","_delay":0,"_scaleIn":{"_from":50,"_isEnabled":false},"_fadeIn":{"_from":0,"_isEnabled":false},"_slideInY":{"_from":50,"_isReverseDirection":false,"_isEnabled":false},"_slideInX":{"_from":50,"_isReverseDirection":false,"_isEnabled":false},"_isEnabled":false}},"_componentsVerticalAlignment":"center","_singleWidthIsCentered":true,"_singleWidthComponentLayout":"two-thirds-right","_classes":"","title":"New Block Title","_evolveTags":[],"_updatedAt":"2020-12-11T13:09:47.627Z","_createdAt":"2020-11-06T10:59:35.921Z","_type":"block","_isSnapShot":false,"_isHidden":false,"_isEnabled":true,"_courseOrder":"0-0-3","_childrenIds":["5fa52ca42680c80524507f6b","5fa52cbc2680c80524507f6d"]},{"_id":"5fa52da72680c80524507f82","_sortOrder":4,"_parentId":"5f7c12ed0aa7fc4a15963ea8","_courseId":"5f4cdba4bc8f9d107854ffe0","_createdBy":"5dcd26e142786d38a8a6ae57","__v":0,"_refId":"5fa52da72680c80524507f82","_updatedBy":"5dcd26e142786d38a8a6ae57","_search":{"_searchTagIds":[]},"_courseAttainment":{"_isEnabled":false},"_animations":{"_right":{"_easing":"default","_delay":0,"_scaleIn":{"_from":50,"_isEnabled":false},"_fadeIn":{"_from":0,"_isEnabled":false},"_slideInY":{"_from":50,"_isReverseDirection":false,"_isEnabled":false},"_slideInX":{"_from":50,"_isReverseDirection":false,"_isEnabled":false},"_isEnabled":false},"_left":{"_easing":"default","_delay":0,"_scaleIn":{"_from":50,"_isEnabled":false},"_fadeIn":{"_from":0,"_isEnabled":false},"_slideInY":{"_from":50,"_isReverseDirection":false,"_isEnabled":false},"_slideInX":{"_from":50,"_isReverseDirection":false,"_isEnabled":false},"_isEnabled":false},"_full":{"_easing":"default","_delay":0,"_scaleIn":{"_from":50,"_isEnabled":false},"_fadeIn":{"_from":0,"_isEnabled":false},"_slideInY":{"_from":50,"_isReverseDirection":false,"_isEnabled":false},"_slideInX":{"_from":50,"_isReverseDirection":false,"_isEnabled":false},"_isEnabled":false}},"_componentsVerticalAlignment":"center","_singleWidthIsCentered":true,"_singleWidthComponentLayout":"two-thirds-right","_classes":"","title":"New Block Title","_evolveTags":[],"_updatedAt":"2020-12-14T08:32:51.775Z","_createdAt":"2020-11-06T11:04:07.470Z","_type":"block","_isSnapShot":false,"_isHidden":false,"_isEnabled":true,"_courseOrder":"0-0-4","_childrenIds":["5fd722e3afd19c4b38521ad5","5fa52dad2680c80524507f84"]},{"_id":"5fa52d282680c80524507f77","_sortOrder":5,"_parentId":"5f7c12ed0aa7fc4a15963ea8","_courseId":"5f4cdba4bc8f9d107854ffe0","_createdBy":"5dcd26e142786d38a8a6ae57","__v":0,"_refId":"5fa52d282680c80524507f77","_updatedBy":"5dcd26e142786d38a8a6ae57","_search":{"_searchTagIds":[]},"_courseAttainment":{"_isEnabled":false},"_animations":{"_right":{"_easing":"default","_delay":0,"_scaleIn":{"_from":50,"_isEnabled":false},"_fadeIn":{"_from":0,"_isEnabled":false},"_slideInY":{"_from":50,"_isReverseDirection":false,"_isEnabled":false},"_slideInX":{"_from":50,"_isReverseDirection":false,"_isEnabled":false},"_isEnabled":false},"_left":{"_easing":"default","_delay":0,"_scaleIn":{"_from":50,"_isEnabled":false},"_fadeIn":{"_from":0,"_isEnabled":false},"_slideInY":{"_from":50,"_isReverseDirection":false,"_isEnabled":false},"_slideInX":{"_from":50,"_isReverseDirection":false,"_isEnabled":false},"_isEnabled":false},"_full":{"_easing":"default","_delay":0,"_scaleIn":{"_from":50,"_isEnabled":false},"_fadeIn":{"_from":0,"_isEnabled":false},"_slideInY":{"_from":50,"_isReverseDirection":false,"_isEnabled":false},"_slideInX":{"_from":50,"_isReverseDirection":false,"_isEnabled":false},"_isEnabled":false}},"_componentsVerticalAlignment":"center","_singleWidthIsCentered":true,"_singleWidthComponentLayout":"two-thirds-right","_classes":"","title":"New Block Title","_evolveTags":[],"_updatedAt":"2020-11-06T11:03:20.749Z","_createdAt":"2020-11-06T11:02:00.928Z","_type":"block","_isSnapShot":false,"_isHidden":false,"_isEnabled":true,"_courseOrder":"0-0-5","_childrenIds":["5fa52d2d2680c80524507f79","5fa52d322680c80524507f7b"]},{"_id":"5fd36fe23e273d087fd8aa50","_sortOrder":6,"_parentId":"5f7c12ed0aa7fc4a15963ea8","_courseId":"5f4cdba4bc8f9d107854ffe0","_createdBy":"5dcd26e142786d38a8a6ae57","__v":0,"_refId":"5fd36fe23e273d087fd8aa50","_updatedBy":"5dcd26e142786d38a8a6ae57","_search":{"_searchTagIds":[]},"_courseAttainment":{"_isEnabled":false},"_animations":{"_right":{"_easing":"default","_delay":0,"_scaleIn":{"_from":50,"_isEnabled":false},"_fadeIn":{"_from":0,"_isEnabled":false},"_slideInY":{"_from":50,"_isReverseDirection":false,"_isEnabled":false},"_slideInX":{"_from":50,"_isReverseDirection":false,"_isEnabled":false},"_isEnabled":false},"_left":{"_easing":"default","_delay":0,"_scaleIn":{"_from":50,"_isEnabled":false},"_fadeIn":{"_from":0,"_isEnabled":false},"_slideInY":{"_from":50,"_isReverseDirection":false,"_isEnabled":false},"_slideInX":{"_from":50,"_isReverseDirection":false,"_isEnabled":false},"_isEnabled":false},"_full":{"_easing":"default","_delay":0,"_scaleIn":{"_from":50,"_isEnabled":false},"_fadeIn":{"_from":0,"_isEnabled":false},"_slideInY":{"_from":50,"_isReverseDirection":false,"_isEnabled":false},"_slideInX":{"_from":50,"_isReverseDirection":false,"_isEnabled":false},"_isEnabled":false}},"_componentsVerticalAlignment":"top","_singleWidthIsCentered":true,"_singleWidthComponentLayout":"two-thirds-right","_classes":"","title":"New Block Title","_evolveTags":[],"_updatedAt":"2020-12-11T13:12:12.917Z","_createdAt":"2020-12-11T13:10:58.124Z","_type":"block","_isSnapShot":false,"_isHidden":false,"_isEnabled":true,"_courseOrder":"0-0-6","_childrenIds":["5fd370273e273d087fd8aa55","5fd36fe73e273d087fd8aa52"]},{"_id":"5fa3caf01cff676492263a49","_sortOrder":7,"_parentId":"5f7c12ed0aa7fc4a15963ea8","_courseId":"5f4cdba4bc8f9d107854ffe0","_createdBy":"5dcd26e142786d38a8a6ae57","__v":0,"_refId":"5fa3caf01cff676492263a49","_updatedBy":"5dcd26e142786d38a8a6ae57","_search":{"_searchTagIds":[]},"_courseAttainment":{"_isEnabled":false},"_animations":{"_right":{"_easing":"default","_delay":0,"_scaleIn":{"_from":50,"_isEnabled":false},"_fadeIn":{"_from":0,"_isEnabled":false},"_slideInY":{"_from":50,"_isReverseDirection":false,"_isEnabled":false},"_slideInX":{"_from":50,"_isReverseDirection":false,"_isEnabled":false},"_isEnabled":false},"_left":{"_easing":"default","_delay":0,"_scaleIn":{"_from":50,"_isEnabled":false},"_fadeIn":{"_from":0,"_isEnabled":false},"_slideInY":{"_from":50,"_isReverseDirection":false,"_isEnabled":false},"_slideInX":{"_from":50,"_isReverseDirection":false,"_isEnabled":false},"_isEnabled":false},"_full":{"_easing":"default","_delay":0,"_scaleIn":{"_from":50,"_isEnabled":false},"_fadeIn":{"_from":0,"_isEnabled":false},"_slideInY":{"_from":50,"_isReverseDirection":false,"_isEnabled":false},"_slideInX":{"_from":50,"_isReverseDirection":false,"_isEnabled":false},"_isEnabled":false}},"_componentsVerticalAlignment":"top","_singleWidthIsCentered":true,"_singleWidthComponentLayout":"default","_classes":"","title":"New Block Title","_evolveTags":[],"_updatedAt":"2020-11-10T14:54:14.653Z","_createdAt":"2020-11-05T09:50:40.469Z","_type":"block","_isSnapShot":false,"_isHidden":false,"_isEnabled":true,"_courseOrder":"0-0-7","_childrenIds":["5fa3caf81cff676492263a4b"]},{"_id":"5f7c12280aa7fc4a15963e93","_courseId":"5f4cdba4bc8f9d107854ffe0","_parentId":"5f7c12280aa7fc4a15963e92","_sortOrder":0,"_createdBy":"5dcd26e142786d38a8a6ae57","__v":0,"_refId":"5f7c12280aa7fc4a15963e93","_updatedBy":"5dcd26e142786d38a8a6ae57","body":"<p><span class=\"ev-icon ev-icon-heart fr-deletable ev-inline-icon\"><strong><span style=\"font-size: 16px;\">&nbsp;</span></strong></span><strong><span style=\"font-size: 16px;\">&nbsp;Klicke auf Sandra, um Dir das Audio anzuh&ouml;ren.</span></strong></p>","_search":{"_searchTagIds":[]},"_courseAttainment":{"_isEnabled":false},"_animations":{"_right":{"_easing":"default","_delay":0,"_scaleIn":{"_from":50,"_isEnabled":false},"_fadeIn":{"_from":0,"_isEnabled":false},"_slideInY":{"_from":50,"_isReverseDirection":false,"_isEnabled":false},"_slideInX":{"_from":50,"_isReverseDirection":false,"_isEnabled":false},"_isEnabled":false},"_left":{"_easing":"default","_delay":0,"_scaleIn":{"_from":50,"_isEnabled":false},"_fadeIn":{"_from":0,"_isEnabled":false},"_slideInY":{"_from":50,"_isReverseDirection":false,"_isEnabled":false},"_slideInX":{"_from":50,"_isReverseDirection":false,"_isEnabled":false},"_isEnabled":false},"_full":{"_easing":"default","_delay":0,"_scaleIn":{"_from":50,"_isEnabled":false},"_fadeIn":{"_from":0,"_isEnabled":false},"_slideInY":{"_from":50,"_isReverseDirection":false,"_isEnabled":false},"_slideInX":{"_from":50,"_isReverseDirection":false,"_isEnabled":false},"_isEnabled":false}},"_componentsVerticalAlignment":"center","_singleWidthIsCentered":true,"_singleWidthComponentLayout":"two-thirds-right","_classes":"","title":"New Block Title","_evolveTags":[],"_updatedAt":"2020-10-30T14:23:02.336Z","_createdAt":"2020-10-06T06:43:52.719Z","_type":"block","_isSnapShot":false,"_isHidden":false,"_isEnabled":true,"_courseOrder":"1-0-0","_childrenIds":["5f7c19620aa7fc4a15963edf","5f9c10861e6b8526fbc17ca9"]},{"_id":"5fd7869bafd19c4b38521bbf","_sortOrder":1,"_parentId":"5f7c12280aa7fc4a15963e92","_courseId":"5f4cdba4bc8f9d107854ffe0","_createdBy":"5dcd26e142786d38a8a6ae57","__v":0,"_refId":"5fd7869bafd19c4b38521bbf","_search":{"_searchTagIds":[]},"_courseAttainment":{"_isEnabled":false},"_animations":{"_right":{"_easing":"default","_delay":0,"_scaleIn":{"_from":50,"_isEnabled":false},"_fadeIn":{"_from":0,"_isEnabled":false},"_slideInY":{"_from":50,"_isReverseDirection":false,"_isEnabled":false},"_slideInX":{"_from":50,"_isReverseDirection":false,"_isEnabled":false},"_isEnabled":false},"_left":{"_easing":"default","_delay":0,"_scaleIn":{"_from":50,"_isEnabled":false},"_fadeIn":{"_from":0,"_isEnabled":false},"_slideInY":{"_from":50,"_isReverseDirection":false,"_isEnabled":false},"_slideInX":{"_from":50,"_isReverseDirection":false,"_isEnabled":false},"_isEnabled":false},"_full":{"_easing":"default","_delay":0,"_scaleIn":{"_from":50,"_isEnabled":false},"_fadeIn":{"_from":0,"_isEnabled":false},"_slideInY":{"_from":50,"_isReverseDirection":false,"_isEnabled":false},"_slideInX":{"_from":50,"_isReverseDirection":false,"_isEnabled":false},"_isEnabled":false}},"_componentsVerticalAlignment":"top","_singleWidthIsCentered":true,"_singleWidthComponentLayout":"default","_classes":"","title":"New Block Title","_evolveTags":[],"_updatedAt":"2020-12-14T15:36:59.629Z","_createdAt":"2020-12-14T15:36:59.629Z","_type":"block","_isSnapShot":false,"_isHidden":false,"_isEnabled":true,"_courseOrder":"1-0-1","_childrenIds":["5fd786d9afd19c4b38521bc7"]},{"_id":"5f7c19d80aa7fc4a15963eed","_courseId":"5f4cdba4bc8f9d107854ffe0","_parentId":"5f7c19d80aa7fc4a15963eec","_sortOrder":0,"_createdBy":"5dcd26e142786d38a8a6ae57","__v":0,"_refId":"5f7c19d80aa7fc4a15963eed","_updatedBy":"5dcd26e142786d38a8a6ae57","body":"<p><span class=\"ev-icon ev-icon-heart fr-deletable ev-inline-icon\"><strong><span style=\"font-size: 16px;\">&nbsp;</span></strong></span><strong><span style=\"font-size: 16px;\">&nbsp;Klicke auf Sandra, um Dir ihre Erl&auml;uterung anzuh&ouml;ren.</span></strong></p>","_search":{"_searchTagIds":[]},"_courseAttainment":{"_isEnabled":false},"_animations":{"_right":{"_easing":"default","_delay":0,"_scaleIn":{"_from":50,"_isEnabled":false},"_fadeIn":{"_from":0,"_isEnabled":false},"_slideInY":{"_from":50,"_isReverseDirection":false,"_isEnabled":false},"_slideInX":{"_from":50,"_isReverseDirection":false,"_isEnabled":false},"_isEnabled":false},"_left":{"_easing":"default","_delay":0,"_scaleIn":{"_from":50,"_isEnabled":false},"_fadeIn":{"_from":0,"_isEnabled":false},"_slideInY":{"_from":50,"_isReverseDirection":false,"_isEnabled":false},"_slideInX":{"_from":50,"_isReverseDirection":false,"_isEnabled":false},"_isEnabled":false},"_full":{"_easing":"default","_delay":0,"_scaleIn":{"_from":50,"_isEnabled":false},"_fadeIn":{"_from":0,"_isEnabled":false},"_slideInY":{"_from":50,"_isReverseDirection":false,"_isEnabled":false},"_slideInX":{"_from":50,"_isReverseDirection":false,"_isEnabled":false},"_isEnabled":false}},"_componentsVerticalAlignment":"center","_singleWidthIsCentered":true,"_singleWidthComponentLayout":"two-thirds-right","_classes":"","title":"New Block Title","_evolveTags":[],"_updatedAt":"2020-10-30T14:23:32.484Z","_createdAt":"2020-10-06T07:16:40.232Z","_type":"block","_isSnapShot":false,"_isHidden":false,"_isEnabled":true,"_courseOrder":"1-1-0","_childrenIds":["5f7c19f40aa7fc4a15963ef0","5f7dce827b1ca4199e034b7c"]},{"_id":"5f993d2220cf245183449358","_sortOrder":1,"_parentId":"5f7c19d80aa7fc4a15963eec","_courseId":"5f4cdba4bc8f9d107854ffe0","_createdBy":"5dcd26e142786d38a8a6ae57","__v":0,"_refId":"5f993d2220cf245183449358","_updatedBy":"5dcd26e142786d38a8a6ae57","_search":{"_searchTagIds":[]},"_courseAttainment":{"_isEnabled":false},"_animations":{"_right":{"_easing":"default","_delay":0,"_scaleIn":{"_from":50,"_isEnabled":false},"_fadeIn":{"_from":0,"_isEnabled":false},"_slideInY":{"_from":50,"_isReverseDirection":false,"_isEnabled":false},"_slideInX":{"_from":50,"_isReverseDirection":false,"_isEnabled":false},"_isEnabled":false},"_left":{"_easing":"default","_delay":0,"_scaleIn":{"_from":50,"_isEnabled":false},"_fadeIn":{"_from":0,"_isEnabled":false},"_slideInY":{"_from":50,"_isReverseDirection":false,"_isEnabled":false},"_slideInX":{"_from":50,"_isReverseDirection":false,"_isEnabled":false},"_isEnabled":false},"_full":{"_easing":"default","_delay":0,"_scaleIn":{"_from":50,"_isEnabled":false},"_fadeIn":{"_from":0,"_isEnabled":false},"_slideInY":{"_from":50,"_isReverseDirection":false,"_isEnabled":false},"_slideInX":{"_from":50,"_isReverseDirection":false,"_isEnabled":false},"_isEnabled":false}},"_componentsVerticalAlignment":"center","_singleWidthIsCentered":true,"_singleWidthComponentLayout":"two-thirds-right","_classes":"","title":"New Block Title","_evolveTags":[],"_updatedAt":"2020-11-04T16:59:03.046Z","_createdAt":"2020-10-28T09:42:58.920Z","_type":"block","_isSnapShot":false,"_isHidden":false,"_isEnabled":true,"_courseOrder":"1-1-1","_childrenIds":["5f993d2e20cf24518344935a","5f993d6820cf24518344935f"]},{"_id":"5f9fc4f533df1b745ebc52a7","_courseId":"5f4cdba4bc8f9d107854ffe0","_parentId":"5f9fc4f533df1b745ebc52a6","_sortOrder":0,"_createdBy":"5dcd26e142786d38a8a6ae57","__v":0,"_refId":"5f9fc4f533df1b745ebc52a7","_search":{"_searchTagIds":[]},"_courseAttainment":{"_isEnabled":false},"_animations":{"_right":{"_easing":"default","_delay":0,"_scaleIn":{"_from":50,"_isEnabled":false},"_fadeIn":{"_from":0,"_isEnabled":false},"_slideInY":{"_from":50,"_isReverseDirection":false,"_isEnabled":false},"_slideInX":{"_from":50,"_isReverseDirection":false,"_isEnabled":false},"_isEnabled":false},"_left":{"_easing":"default","_delay":0,"_scaleIn":{"_from":50,"_isEnabled":false},"_fadeIn":{"_from":0,"_isEnabled":false},"_slideInY":{"_from":50,"_isReverseDirection":false,"_isEnabled":false},"_slideInX":{"_from":50,"_isReverseDirection":false,"_isEnabled":false},"_isEnabled":false},"_full":{"_easing":"default","_delay":0,"_scaleIn":{"_from":50,"_isEnabled":false},"_fadeIn":{"_from":0,"_isEnabled":false},"_slideInY":{"_from":50,"_isReverseDirection":false,"_isEnabled":false},"_slideInX":{"_from":50,"_isReverseDirection":false,"_isEnabled":false},"_isEnabled":false}},"_componentsVerticalAlignment":"top","_singleWidthIsCentered":true,"_singleWidthComponentLayout":"default","_classes":"","title":"New Block Title","_evolveTags":[],"_updatedAt":"2020-11-02T08:36:05.357Z","_createdAt":"2020-11-02T08:36:05.357Z","_type":"block","_isSnapShot":false,"_isHidden":false,"_isEnabled":true,"_courseOrder":"1-2-0","_childrenIds":["5f993d9b20cf245183449364"]},{"_id":"5f7c1b2d0aa7fc4a15963f12","_sortOrder":0,"_parentId":"5f7c1b050aa7fc4a15963f09","_courseId":"5f4cdba4bc8f9d107854ffe0","_createdBy":"5dcd26e142786d38a8a6ae57","__v":0,"_refId":"5f7c1b2d0aa7fc4a15963f12","_updatedBy":"5dcd26e142786d38a8a6ae57","_search":{"_searchTagIds":[]},"_courseAttainment":{"_isEnabled":false},"_animations":{"_right":{"_easing":"default","_delay":0,"_scaleIn":{"_from":50,"_isEnabled":false},"_fadeIn":{"_from":0,"_isEnabled":false},"_slideInY":{"_from":50,"_isReverseDirection":false,"_isEnabled":false},"_slideInX":{"_from":50,"_isReverseDirection":false,"_isEnabled":false},"_isEnabled":false},"_left":{"_easing":"default","_delay":0,"_scaleIn":{"_from":50,"_isEnabled":false},"_fadeIn":{"_from":0,"_isEnabled":false},"_slideInY":{"_from":50,"_isReverseDirection":false,"_isEnabled":false},"_slideInX":{"_from":50,"_isReverseDirection":false,"_isEnabled":false},"_isEnabled":false},"_full":{"_easing":"default","_delay":0,"_scaleIn":{"_from":50,"_isEnabled":false},"_fadeIn":{"_from":0,"_isEnabled":false},"_slideInY":{"_from":50,"_isReverseDirection":false,"_isEnabled":false},"_slideInX":{"_from":50,"_isReverseDirection":false,"_isEnabled":false},"_isEnabled":false}},"_componentsVerticalAlignment":"center","_singleWidthIsCentered":true,"_singleWidthComponentLayout":"two-thirds-right","_classes":"","title":"New Block Title","_evolveTags":[],"_updatedAt":"2020-10-30T13:20:41.561Z","_createdAt":"2020-10-06T07:22:21.432Z","_type":"block","_isSnapShot":false,"_isHidden":false,"_isEnabled":true,"_courseOrder":"1-3-0","_childrenIds":["5f7c1b350aa7fc4a15963f14","5f9c10ce1e6b8526fbc17caf"]},{"_id":"5f7c1b050aa7fc4a15963f0a","_courseId":"5f4cdba4bc8f9d107854ffe0","_parentId":"5f7c1b050aa7fc4a15963f09","_sortOrder":1,"_createdBy":"5dcd26e142786d38a8a6ae57","__v":0,"_refId":"5f7c1b050aa7fc4a15963f0a","_updatedBy":"5dcd26e142786d38a8a6ae57","_search":{"_searchTagIds":[]},"_courseAttainment":{"_isEnabled":false},"_animations":{"_right":{"_easing":"default","_delay":0,"_scaleIn":{"_from":50,"_isEnabled":false},"_fadeIn":{"_from":0,"_isEnabled":false},"_slideInY":{"_from":50,"_isReverseDirection":false,"_isEnabled":false},"_slideInX":{"_from":50,"_isReverseDirection":false,"_isEnabled":false},"_isEnabled":false},"_left":{"_easing":"default","_delay":0,"_scaleIn":{"_from":50,"_isEnabled":false},"_fadeIn":{"_from":0,"_isEnabled":false},"_slideInY":{"_from":50,"_isReverseDirection":false,"_isEnabled":false},"_slideInX":{"_from":50,"_isReverseDirection":false,"_isEnabled":false},"_isEnabled":false},"_full":{"_easing":"default","_delay":0,"_scaleIn":{"_from":50,"_isEnabled":false},"_fadeIn":{"_from":0,"_isEnabled":false},"_slideInY":{"_from":50,"_isReverseDirection":false,"_isEnabled":false},"_slideInX":{"_from":50,"_isReverseDirection":false,"_isEnabled":false},"_isEnabled":false}},"_componentsVerticalAlignment":"top","_singleWidthIsCentered":true,"_singleWidthComponentLayout":"default","_classes":"","title":"New Block Title","_evolveTags":[],"_updatedAt":"2020-10-06T11:02:37.923Z","_createdAt":"2020-10-06T07:21:41.560Z","_type":"block","_isSnapShot":false,"_isHidden":false,"_isEnabled":true,"_courseOrder":"1-3-1","_childrenIds":["5f7c1b1d0aa7fc4a15963f0d"]},{"_id":"5f7c1b980aa7fc4a15963f1b","_courseId":"5f4cdba4bc8f9d107854ffe0","_parentId":"5f7c1b980aa7fc4a15963f1a","_sortOrder":0,"_createdBy":"5dcd26e142786d38a8a6ae57","__v":0,"_refId":"5f7c1b980aa7fc4a15963f1b","_updatedBy":"5dcd26e142786d38a8a6ae57","_search":{"_searchTagIds":[]},"_courseAttainment":{"_isEnabled":false},"_animations":{"_right":{"_easing":"default","_delay":0,"_scaleIn":{"_from":50,"_isEnabled":false},"_fadeIn":{"_from":0,"_isEnabled":false},"_slideInY":{"_from":50,"_isReverseDirection":false,"_isEnabled":false},"_slideInX":{"_from":50,"_isReverseDirection":false,"_isEnabled":false},"_isEnabled":false},"_left":{"_easing":"default","_delay":0,"_scaleIn":{"_from":50,"_isEnabled":false},"_fadeIn":{"_from":0,"_isEnabled":false},"_slideInY":{"_from":50,"_isReverseDirection":false,"_isEnabled":false},"_slideInX":{"_from":50,"_isReverseDirection":false,"_isEnabled":false},"_isEnabled":false},"_full":{"_easing":"default","_delay":0,"_scaleIn":{"_from":50,"_isEnabled":false},"_fadeIn":{"_from":0,"_isEnabled":false},"_slideInY":{"_from":50,"_isReverseDirection":false,"_isEnabled":false},"_slideInX":{"_from":50,"_isReverseDirection":false,"_isEnabled":false},"_isEnabled":false}},"_componentsVerticalAlignment":"center","_singleWidthIsCentered":true,"_singleWidthComponentLayout":"two-thirds-right","_classes":"","title":"New Block Title","_evolveTags":[],"_updatedAt":"2020-10-30T13:20:53.436Z","_createdAt":"2020-10-06T07:24:08.304Z","_type":"block","_isSnapShot":false,"_isHidden":false,"_isEnabled":true,"_courseOrder":"1-4-0","_childrenIds":["5f7c1b8f0aa7fc4a15963f18","5f7c1bc60aa7fc4a15963f20"]},{"_id":"5fb67c4d202f617aaa4e1a46","_sortOrder":1,"_parentId":"5f7c1b980aa7fc4a15963f1a","_courseId":"5f4cdba4bc8f9d107854ffe0","_createdBy":"5dcd26e142786d38a8a6ae57","__v":0,"_refId":"5fb67c4d202f617aaa4e1a46","_updatedBy":"5dcd26e142786d38a8a6ae57","_search":{"_searchTagIds":[]},"_courseAttainment":{"_isEnabled":false},"_animations":{"_right":{"_easing":"default","_delay":0,"_scaleIn":{"_from":50,"_isEnabled":false},"_fadeIn":{"_from":0,"_isEnabled":false},"_slideInY":{"_from":50,"_isReverseDirection":false,"_isEnabled":false},"_slideInX":{"_from":50,"_isReverseDirection":false,"_isEnabled":false},"_isEnabled":false},"_left":{"_easing":"default","_delay":0,"_scaleIn":{"_from":50,"_isEnabled":false},"_fadeIn":{"_from":0,"_isEnabled":false},"_slideInY":{"_from":50,"_isReverseDirection":false,"_isEnabled":false},"_slideInX":{"_from":50,"_isReverseDirection":false,"_isEnabled":false},"_isEnabled":false},"_full":{"_easing":"default","_delay":0,"_scaleIn":{"_from":50,"_isEnabled":false},"_fadeIn":{"_from":0,"_isEnabled":false},"_slideInY":{"_from":50,"_isReverseDirection":false,"_isEnabled":false},"_slideInX":{"_from":50,"_isReverseDirection":false,"_isEnabled":false},"_isEnabled":false}},"_componentsVerticalAlignment":"top","_singleWidthIsCentered":true,"_singleWidthComponentLayout":"default","_classes":"","title":"v_deine Verantwortungen anzeigen","_evolveTags":[],"_updatedAt":"2020-11-19T15:41:31.635Z","_createdAt":"2020-11-19T14:08:13.230Z","_type":"block","_isSnapShot":false,"_isHidden":false,"_isEnabled":true,"_courseOrder":"1-4-1","_childrenIds":["5fb67c7f202f617aaa4e1a4d"]},{"_id":"5f99795e20cf245183449396","_sortOrder":0,"_parentId":"5f7c1d3d0aa7fc4a15963f31","_courseId":"5f4cdba4bc8f9d107854ffe0","_createdBy":"5dcd26e142786d38a8a6ae57","__v":0,"_refId":"5f99795e20cf245183449396","_updatedBy":"5dcd26e142786d38a8a6ae57","_search":{"_searchTagIds":[]},"_courseAttainment":{"_isEnabled":false},"_animations":{"_right":{"_easing":"default","_delay":0,"_scaleIn":{"_from":50,"_isEnabled":false},"_fadeIn":{"_from":0,"_isEnabled":false},"_slideInY":{"_from":50,"_isReverseDirection":false,"_isEnabled":false},"_slideInX":{"_from":50,"_isReverseDirection":false,"_isEnabled":false},"_isEnabled":false},"_left":{"_easing":"default","_delay":0,"_scaleIn":{"_from":50,"_isEnabled":false},"_fadeIn":{"_from":0,"_isEnabled":false},"_slideInY":{"_from":50,"_isReverseDirection":false,"_isEnabled":false},"_slideInX":{"_from":50,"_isReverseDirection":false,"_isEnabled":false},"_isEnabled":false},"_full":{"_easing":"default","_delay":0,"_scaleIn":{"_from":50,"_isEnabled":false},"_fadeIn":{"_from":0,"_isEnabled":false},"_slideInY":{"_from":50,"_isReverseDirection":false,"_isEnabled":false},"_slideInX":{"_from":50,"_isReverseDirection":false,"_isEnabled":false},"_isEnabled":false}},"_componentsVerticalAlignment":"center","_singleWidthIsCentered":true,"_singleWidthComponentLayout":"two-thirds-right","_classes":"","title":"New Block Title","_evolveTags":[],"_updatedAt":"2020-10-30T13:21:03.259Z","_createdAt":"2020-10-28T13:59:58.864Z","_type":"block","_isSnapShot":false,"_isHidden":false,"_isEnabled":true,"_courseOrder":"1-5-0","_childrenIds":["5f99796520cf245183449398","5f9c11271e6b8526fbc17cb3"]},{"_id":"5f7c1d3d0aa7fc4a15963f32","_courseId":"5f4cdba4bc8f9d107854ffe0","_parentId":"5f7c1d3d0aa7fc4a15963f31","_sortOrder":1,"_createdBy":"5dcd26e142786d38a8a6ae57","__v":0,"_refId":"5f7c1d3d0aa7fc4a15963f32","_search":{"_searchTagIds":[]},"_courseAttainment":{"_isEnabled":false},"_animations":{"_right":{"_easing":"default","_delay":0,"_scaleIn":{"_from":50,"_isEnabled":false},"_fadeIn":{"_from":0,"_isEnabled":false},"_slideInY":{"_from":50,"_isReverseDirection":false,"_isEnabled":false},"_slideInX":{"_from":50,"_isReverseDirection":false,"_isEnabled":false},"_isEnabled":false},"_left":{"_easing":"default","_delay":0,"_scaleIn":{"_from":50,"_isEnabled":false},"_fadeIn":{"_from":0,"_isEnabled":false},"_slideInY":{"_from":50,"_isReverseDirection":false,"_isEnabled":false},"_slideInX":{"_from":50,"_isReverseDirection":false,"_isEnabled":false},"_isEnabled":false},"_full":{"_easing":"default","_delay":0,"_scaleIn":{"_from":50,"_isEnabled":false},"_fadeIn":{"_from":0,"_isEnabled":false},"_slideInY":{"_from":50,"_isReverseDirection":false,"_isEnabled":false},"_slideInX":{"_from":50,"_isReverseDirection":false,"_isEnabled":false},"_isEnabled":false}},"_componentsVerticalAlignment":"top","_singleWidthIsCentered":true,"_singleWidthComponentLayout":"default","_classes":"","title":"New Block Title","_evolveTags":[],"_updatedAt":"2020-10-06T07:31:09.789Z","_createdAt":"2020-10-06T07:31:09.789Z","_type":"block","_isSnapShot":false,"_isHidden":false,"_isEnabled":true,"_courseOrder":"1-5-1","_childrenIds":["5f7c1db50aa7fc4a15963f35"]},{"_id":"5f7c123f0aa7fc4a15963e98","_courseId":"5f4cdba4bc8f9d107854ffe0","_parentId":"5f7c123f0aa7fc4a15963e97","_sortOrder":0,"_createdBy":"5dcd26e142786d38a8a6ae57","__v":0,"_refId":"5f7c123f0aa7fc4a15963e98","_search":{"_searchTagIds":[]},"_courseAttainment":{"_isEnabled":false},"_animations":{"_right":{"_easing":"default","_delay":0,"_scaleIn":{"_from":50,"_isEnabled":false},"_fadeIn":{"_from":0,"_isEnabled":false},"_slideInY":{"_from":50,"_isReverseDirection":false,"_isEnabled":false},"_slideInX":{"_from":50,"_isReverseDirection":false,"_isEnabled":false},"_isEnabled":false},"_left":{"_easing":"default","_delay":0,"_scaleIn":{"_from":50,"_isEnabled":false},"_fadeIn":{"_from":0,"_isEnabled":false},"_slideInY":{"_from":50,"_isReverseDirection":false,"_isEnabled":false},"_slideInX":{"_from":50,"_isReverseDirection":false,"_isEnabled":false},"_isEnabled":false},"_full":{"_easing":"default","_delay":0,"_scaleIn":{"_from":50,"_isEnabled":false},"_fadeIn":{"_from":0,"_isEnabled":false},"_slideInY":{"_from":50,"_isReverseDirection":false,"_isEnabled":false},"_slideInX":{"_from":50,"_isReverseDirection":false,"_isEnabled":false},"_isEnabled":false}},"_componentsVerticalAlignment":"top","_singleWidthIsCentered":true,"_singleWidthComponentLayout":"default","_classes":"","title":"New Block Title","_evolveTags":[],"_updatedAt":"2020-10-06T06:44:15.048Z","_createdAt":"2020-10-06T06:44:15.048Z","_type":"block","_isSnapShot":false,"_isHidden":false,"_isEnabled":true,"_courseOrder":"2-0-0","_childrenIds":["5f997aab20cf2451834493a2"]},{"_id":"5fca4a1a39ddb2730f177394","_sortOrder":1,"_parentId":"5f7c123f0aa7fc4a15963e97","_courseId":"5f4cdba4bc8f9d107854ffe0","_createdBy":"5dcd26e142786d38a8a6ae57","__v":0,"_refId":"5fca4a1a39ddb2730f177394","_search":{"_searchTagIds":[]},"_courseAttainment":{"_isEnabled":false},"_animations":{"_right":{"_easing":"default","_delay":0,"_scaleIn":{"_from":50,"_isEnabled":false},"_fadeIn":{"_from":0,"_isEnabled":false},"_slideInY":{"_from":50,"_isReverseDirection":false,"_isEnabled":false},"_slideInX":{"_from":50,"_isReverseDirection":false,"_isEnabled":false},"_isEnabled":false},"_left":{"_easing":"default","_delay":0,"_scaleIn":{"_from":50,"_isEnabled":false},"_fadeIn":{"_from":0,"_isEnabled":false},"_slideInY":{"_from":50,"_isReverseDirection":false,"_isEnabled":false},"_slideInX":{"_from":50,"_isReverseDirection":false,"_isEnabled":false},"_isEnabled":false},"_full":{"_easing":"default","_delay":0,"_scaleIn":{"_from":50,"_isEnabled":false},"_fadeIn":{"_from":0,"_isEnabled":false},"_slideInY":{"_from":50,"_isReverseDirection":false,"_isEnabled":false},"_slideInX":{"_from":50,"_isReverseDirection":false,"_isEnabled":false},"_isEnabled":false}},"_componentsVerticalAlignment":"top","_singleWidthIsCentered":true,"_singleWidthComponentLayout":"default","_classes":"","title":"New Block Title","_evolveTags":[],"_updatedAt":"2020-12-04T14:39:22.918Z","_createdAt":"2020-12-04T14:39:22.918Z","_type":"block","_isSnapShot":false,"_isHidden":false,"_isEnabled":true,"_courseOrder":"2-0-1","_childrenIds":["5fca4a1f39ddb2730f177396"]},{"_id":"5f997aeb20cf2451834493a7","_courseId":"5f4cdba4bc8f9d107854ffe0","_parentId":"5f997aeb20cf2451834493a6","_sortOrder":0,"_createdBy":"5dcd26e142786d38a8a6ae57","__v":0,"_refId":"5f997aeb20cf2451834493a7","_search":{"_searchTagIds":[]},"_courseAttainment":{"_isEnabled":false},"_animations":{"_right":{"_easing":"default","_delay":0,"_scaleIn":{"_from":50,"_isEnabled":false},"_fadeIn":{"_from":0,"_isEnabled":false},"_slideInY":{"_from":50,"_isReverseDirection":false,"_isEnabled":false},"_slideInX":{"_from":50,"_isReverseDirection":false,"_isEnabled":false},"_isEnabled":false},"_left":{"_easing":"default","_delay":0,"_scaleIn":{"_from":50,"_isEnabled":false},"_fadeIn":{"_from":0,"_isEnabled":false},"_slideInY":{"_from":50,"_isReverseDirection":false,"_isEnabled":false},"_slideInX":{"_from":50,"_isReverseDirection":false,"_isEnabled":false},"_isEnabled":false},"_full":{"_easing":"default","_delay":0,"_scaleIn":{"_from":50,"_isEnabled":false},"_fadeIn":{"_from":0,"_isEnabled":false},"_slideInY":{"_from":50,"_isReverseDirection":false,"_isEnabled":false},"_slideInX":{"_from":50,"_isReverseDirection":false,"_isEnabled":false},"_isEnabled":false}},"_componentsVerticalAlignment":"top","_singleWidthIsCentered":true,"_singleWidthComponentLayout":"default","_classes":"","title":"New Block Title","_evolveTags":[],"_updatedAt":"2020-10-28T14:06:35.099Z","_createdAt":"2020-10-28T14:06:35.099Z","_type":"block","_isSnapShot":false,"_isHidden":false,"_isEnabled":true,"_courseOrder":"2-1-0","_childrenIds":["5f997b7020cf2451834493ab"]},{"_id":"5f9a893420cf24518344942b","_courseId":"5f4cdba4bc8f9d107854ffe0","_parentId":"5f9a893420cf24518344942a","_sortOrder":0,"_createdBy":"5dcd26e142786d38a8a6ae57","__v":0,"_refId":"5f9a893420cf24518344942b","_updatedBy":"5dcd26e142786d38a8a6ae57","_search":{"_searchTagIds":[]},"_courseAttainment":{"_isEnabled":false},"_animations":{"_right":{"_easing":"default","_delay":0,"_scaleIn":{"_from":50,"_isEnabled":false},"_fadeIn":{"_from":0,"_isEnabled":false},"_slideInY":{"_from":50,"_isReverseDirection":false,"_isEnabled":false},"_slideInX":{"_from":50,"_isReverseDirection":false,"_isEnabled":false},"_isEnabled":false},"_left":{"_easing":"default","_delay":0,"_scaleIn":{"_from":50,"_isEnabled":false},"_fadeIn":{"_from":0,"_isEnabled":false},"_slideInY":{"_from":50,"_isReverseDirection":false,"_isEnabled":false},"_slideInX":{"_from":50,"_isReverseDirection":false,"_isEnabled":false},"_isEnabled":false},"_full":{"_easing":"default","_delay":0,"_scaleIn":{"_from":50,"_isEnabled":false},"_fadeIn":{"_from":0,"_isEnabled":false},"_slideInY":{"_from":50,"_isReverseDirection":false,"_isEnabled":false},"_slideInX":{"_from":50,"_isReverseDirection":false,"_isEnabled":false},"_isEnabled":false}},"_componentsVerticalAlignment":"center","_singleWidthIsCentered":true,"_singleWidthComponentLayout":"two-thirds-right","_classes":"","title":"New Block Title","_evolveTags":[],"_updatedAt":"2020-10-30T13:14:39.616Z","_createdAt":"2020-10-29T09:19:48.312Z","_type":"block","_isSnapShot":false,"_isHidden":false,"_isEnabled":true,"_courseOrder":"2-2-0","_childrenIds":["5f9a894220cf24518344942d","5f9c119f1e6b8526fbc17cbd"]},{"_id":"5fb64f83202f617aaa4e1985","_sortOrder":1,"_parentId":"5f9a893420cf24518344942a","_courseId":"5f4cdba4bc8f9d107854ffe0","_createdBy":"5dcd26e142786d38a8a6ae57","__v":0,"_refId":"5fb64f83202f617aaa4e1985","_search":{"_searchTagIds":[]},"_courseAttainment":{"_isEnabled":false},"_animations":{"_right":{"_easing":"default","_delay":0,"_scaleIn":{"_from":50,"_isEnabled":false},"_fadeIn":{"_from":0,"_isEnabled":false},"_slideInY":{"_from":50,"_isReverseDirection":false,"_isEnabled":false},"_slideInX":{"_from":50,"_isReverseDirection":false,"_isEnabled":false},"_isEnabled":false},"_left":{"_easing":"default","_delay":0,"_scaleIn":{"_from":50,"_isEnabled":false},"_fadeIn":{"_from":0,"_isEnabled":false},"_slideInY":{"_from":50,"_isReverseDirection":false,"_isEnabled":false},"_slideInX":{"_from":50,"_isReverseDirection":false,"_isEnabled":false},"_isEnabled":false},"_full":{"_easing":"default","_delay":0,"_scaleIn":{"_from":50,"_isEnabled":false},"_fadeIn":{"_from":0,"_isEnabled":false},"_slideInY":{"_from":50,"_isReverseDirection":false,"_isEnabled":false},"_slideInX":{"_from":50,"_isReverseDirection":false,"_isEnabled":false},"_isEnabled":false}},"_componentsVerticalAlignment":"top","_singleWidthIsCentered":true,"_singleWidthComponentLayout":"default","_classes":"","title":"New Block Title","_evolveTags":[],"_updatedAt":"2020-11-19T10:57:07.702Z","_createdAt":"2020-11-19T10:57:07.702Z","_type":"block","_isSnapShot":false,"_isHidden":false,"_isEnabled":true,"_courseOrder":"2-2-1","_childrenIds":["5fc5f441e266be78c5952bb4"]},{"_id":"5fa2e430e885a441ebec9296","_sortOrder":2,"_parentId":"5f9a893420cf24518344942a","_courseId":"5f4cdba4bc8f9d107854ffe0","_createdBy":"5dcd26e142786d38a8a6ae57","__v":0,"_refId":"5fa2e430e885a441ebec9296","_updatedBy":"5dcd26e142786d38a8a6ae57","body":"<p><span class=\"ev-icon ev-icon-heart fr-deletable ev-inline-icon\"><span style=\"font-size: 16px;\"><strong>&nbsp;</strong></span></span><span style=\"font-size: 16px;\"><strong>&nbsp;Klicke auf Sandra, um Dir das Audio anzuh&ouml;ren.</strong></span></p>","_search":{"_searchTagIds":[]},"_courseAttainment":{"_isEnabled":false},"_animations":{"_right":{"_easing":"default","_delay":0,"_scaleIn":{"_from":50,"_isEnabled":false},"_fadeIn":{"_from":0,"_isEnabled":false},"_slideInY":{"_from":50,"_isReverseDirection":false,"_isEnabled":false},"_slideInX":{"_from":50,"_isReverseDirection":false,"_isEnabled":false},"_isEnabled":false},"_left":{"_easing":"default","_delay":0,"_scaleIn":{"_from":50,"_isEnabled":false},"_fadeIn":{"_from":0,"_isEnabled":false},"_slideInY":{"_from":50,"_isReverseDirection":false,"_isEnabled":false},"_slideInX":{"_from":50,"_isReverseDirection":false,"_isEnabled":false},"_isEnabled":false},"_full":{"_easing":"default","_delay":0,"_scaleIn":{"_from":50,"_isEnabled":false},"_fadeIn":{"_from":0,"_isEnabled":false},"_slideInY":{"_from":50,"_isReverseDirection":false,"_isEnabled":false},"_slideInX":{"_from":50,"_isReverseDirection":false,"_isEnabled":false},"_isEnabled":false}},"_componentsVerticalAlignment":"top","_singleWidthIsCentered":true,"_singleWidthComponentLayout":"two-thirds-right","_classes":"","title":"Bewertungsskala","_evolveTags":[],"_updatedAt":"2020-11-17T10:29:44.666Z","_createdAt":"2020-11-04T17:26:08.633Z","_type":"block","_isSnapShot":false,"_isHidden":false,"_isEnabled":true,"_courseOrder":"2-2-2","_childrenIds":["5fa2e450e885a441ebec9299","5fa2e456e885a441ebec929b"]},{"_id":"5f9a8b7520cf245183449450","_courseId":"5f4cdba4bc8f9d107854ffe0","_parentId":"5f9fc94733df1b745ebc52d0","_sortOrder":0,"_createdBy":"5dcd26e142786d38a8a6ae57","__v":0,"_refId":"5f9a8b7520cf245183449450","_updatedBy":"5dcd26e142786d38a8a6ae57","_search":{"_searchTagIds":[]},"_courseAttainment":{"_isEnabled":false},"_animations":{"_right":{"_easing":"default","_delay":0,"_scaleIn":{"_from":50,"_isEnabled":false},"_fadeIn":{"_from":0,"_isEnabled":false},"_slideInY":{"_from":50,"_isReverseDirection":false,"_isEnabled":false},"_slideInX":{"_from":50,"_isReverseDirection":false,"_isEnabled":false},"_isEnabled":false},"_left":{"_easing":"default","_delay":0,"_scaleIn":{"_from":50,"_isEnabled":false},"_fadeIn":{"_from":0,"_isEnabled":false},"_slideInY":{"_from":50,"_isReverseDirection":false,"_isEnabled":false},"_slideInX":{"_from":50,"_isReverseDirection":false,"_isEnabled":false},"_isEnabled":false},"_full":{"_easing":"default","_delay":0,"_scaleIn":{"_from":50,"_isEnabled":false},"_fadeIn":{"_from":0,"_isEnabled":false},"_slideInY":{"_from":50,"_isReverseDirection":false,"_isEnabled":false},"_slideInX":{"_from":50,"_isReverseDirection":false,"_isEnabled":false},"_isEnabled":false}},"_componentsVerticalAlignment":"center","_singleWidthIsCentered":true,"_singleWidthComponentLayout":"two-thirds-right","_classes":"","title":"New Block Title","_evolveTags":[],"_updatedAt":"2020-11-02T08:54:47.420Z","_createdAt":"2020-10-29T09:29:25.251Z","_type":"block","_isSnapShot":false,"_isHidden":false,"_isEnabled":true,"_courseOrder":"2-3-0","_childrenIds":["5f9a8bba20cf245183449453","5f9c13671e6b8526fbc17cc8"]},{"_id":"5f9a8be320cf245183449458","_sortOrder":0,"_parentId":"5f9fc58d33df1b745ebc52ae","_courseId":"5f4cdba4bc8f9d107854ffe0","_createdBy":"5dcd26e142786d38a8a6ae57","__v":0,"_refId":"5f9a8be320cf245183449458","_updatedBy":"5dcd26e142786d38a8a6ae57","_search":{"_searchTagIds":[]},"_courseAttainment":{"_isEnabled":false},"_animations":{"_right":{"_easing":"default","_delay":0,"_scaleIn":{"_from":50,"_isEnabled":false},"_fadeIn":{"_from":0,"_isEnabled":false},"_slideInY":{"_from":50,"_isReverseDirection":false,"_isEnabled":false},"_slideInX":{"_from":50,"_isReverseDirection":false,"_isEnabled":false},"_isEnabled":false},"_left":{"_easing":"default","_delay":0,"_scaleIn":{"_from":50,"_isEnabled":false},"_fadeIn":{"_from":0,"_isEnabled":false},"_slideInY":{"_from":50,"_isReverseDirection":false,"_isEnabled":false},"_slideInX":{"_from":50,"_isReverseDirection":false,"_isEnabled":false},"_isEnabled":false},"_full":{"_easing":"default","_delay":0,"_scaleIn":{"_from":50,"_isEnabled":false},"_fadeIn":{"_from":0,"_isEnabled":false},"_slideInY":{"_from":50,"_isReverseDirection":false,"_isEnabled":false},"_slideInX":{"_from":50,"_isReverseDirection":false,"_isEnabled":false},"_isEnabled":false}},"_componentsVerticalAlignment":"top","_singleWidthIsCentered":true,"_singleWidthComponentLayout":"default","_classes":"","title":"New Block Title","_evolveTags":[],"_updatedAt":"2020-11-02T08:38:50.735Z","_createdAt":"2020-10-29T09:31:15.560Z","_type":"block","_isSnapShot":false,"_isHidden":false,"_isEnabled":true,"_courseOrder":"2-4-0","_childrenIds":["5f9a8be820cf24518344945a"]},{"_id":"5f9a8dea20cf245183449470","_sortOrder":0,"_parentId":"5f9fc5a333df1b745ebc52b3","_courseId":"5f4cdba4bc8f9d107854ffe0","_createdBy":"5dcd26e142786d38a8a6ae57","__v":0,"_refId":"5f9a8dea20cf245183449470","_updatedBy":"5dcd26e142786d38a8a6ae57","displayTitle":"Mit welchen Unterlagen bereitet ich mich auf die Potenzialbesprechung vor?","_search":{"_searchTagIds":[]},"_courseAttainment":{"_isEnabled":false},"_animations":{"_right":{"_easing":"default","_delay":0,"_scaleIn":{"_from":50,"_isEnabled":false},"_fadeIn":{"_from":0,"_isEnabled":false},"_slideInY":{"_from":50,"_isReverseDirection":false,"_isEnabled":false},"_slideInX":{"_from":50,"_isReverseDirection":false,"_isEnabled":false},"_isEnabled":false},"_left":{"_easing":"default","_delay":0,"_scaleIn":{"_from":50,"_isEnabled":false},"_fadeIn":{"_from":0,"_isEnabled":false},"_slideInY":{"_from":50,"_isReverseDirection":false,"_isEnabled":false},"_slideInX":{"_from":50,"_isReverseDirection":false,"_isEnabled":false},"_isEnabled":false},"_full":{"_easing":"default","_delay":0,"_scaleIn":{"_from":50,"_isEnabled":false},"_fadeIn":{"_from":0,"_isEnabled":false},"_slideInY":{"_from":50,"_isReverseDirection":false,"_isEnabled":false},"_slideInX":{"_from":50,"_isReverseDirection":false,"_isEnabled":false},"_isEnabled":false}},"_componentsVerticalAlignment":"center","_singleWidthIsCentered":true,"_singleWidthComponentLayout":"default","_classes":"","title":"New Block Title","_evolveTags":[],"_updatedAt":"2020-12-14T10:57:58.125Z","_createdAt":"2020-10-29T09:39:54.747Z","_type":"block","_isSnapShot":false,"_isHidden":false,"_isEnabled":true,"_courseOrder":"2-5-0","_childrenIds":["5f9a8dfa20cf245183449472","5f9a8dfd20cf245183449474"]},{"_id":"5f9a8f7820cf245183449499","_courseId":"5f4cdba4bc8f9d107854ffe0","_parentId":"5f9a8f7820cf245183449498","_sortOrder":0,"_createdBy":"5dcd26e142786d38a8a6ae57","__v":0,"_refId":"5f9a8f7820cf245183449499","displayTitle":"Was mache ich eigentlich, wenn mein Mitarbeiter nicht in der Potenzialbesprechung besprochen/bewertet werden m&ouml;chte?","_updatedBy":"5dcd26e142786d38a8a6ae57","body":"<p><span class=\"ev-icon ev-icon-heart fr-deletable ev-inline-icon\"><strong><span style=\"font-size: 16px;\">&nbsp;</span></strong></span><strong><span style=\"font-size: 16px;\">&nbsp;Klicke auf Sandra, um Dir das Audio anzuh&ouml;ren.</span></strong></p>","_search":{"_searchTagIds":[]},"_courseAttainment":{"_isEnabled":false},"_animations":{"_right":{"_easing":"default","_delay":0,"_scaleIn":{"_from":50,"_isEnabled":false},"_fadeIn":{"_from":0,"_isEnabled":false},"_slideInY":{"_from":50,"_isReverseDirection":false,"_isEnabled":false},"_slideInX":{"_from":50,"_isReverseDirection":false,"_isEnabled":false},"_isEnabled":false},"_left":{"_easing":"default","_delay":0,"_scaleIn":{"_from":50,"_isEnabled":false},"_fadeIn":{"_from":0,"_isEnabled":false},"_slideInY":{"_from":50,"_isReverseDirection":false,"_isEnabled":false},"_slideInX":{"_from":50,"_isReverseDirection":false,"_isEnabled":false},"_isEnabled":false},"_full":{"_easing":"default","_delay":0,"_scaleIn":{"_from":50,"_isEnabled":false},"_fadeIn":{"_from":0,"_isEnabled":false},"_slideInY":{"_from":50,"_isReverseDirection":false,"_isEnabled":false},"_slideInX":{"_from":50,"_isReverseDirection":false,"_isEnabled":false},"_isEnabled":false}},"_componentsVerticalAlignment":"center","_singleWidthIsCentered":true,"_singleWidthComponentLayout":"two-thirds-right","_classes":"","title":"New Block Title","_evolveTags":[],"_updatedAt":"2020-10-30T13:53:22.046Z","_createdAt":"2020-10-29T09:46:32.393Z","_type":"block","_isSnapShot":false,"_isHidden":false,"_isEnabled":true,"_courseOrder":"2-6-0","_childrenIds":["5f9a8fb320cf24518344949c","5f9a8fb820cf24518344949e"]},{"_id":"5f7c12540aa7fc4a15963e9d","_courseId":"5f4cdba4bc8f9d107854ffe0","_parentId":"5f7c12540aa7fc4a15963e9c","_sortOrder":0,"_createdBy":"5dcd26e142786d38a8a6ae57","__v":0,"_refId":"5f7c12540aa7fc4a15963e9d","_updatedBy":"5dcd26e142786d38a8a6ae57","body":"<p><span class=\"ev-icon ev-icon-heart fr-deletable ev-inline-icon\" style=\"font-size: 16px;\"><strong>&nbsp;</strong></span><span style=\"font-size: 16px;\"><strong>&nbsp;Klicke auf Sandra, um Dir das Audio anzuh&ouml;ren.</strong></span></p>","_search":{"_searchTagIds":[]},"_courseAttainment":{"_isEnabled":false},"_animations":{"_right":{"_easing":"default","_delay":0,"_scaleIn":{"_from":50,"_isEnabled":false},"_fadeIn":{"_from":0,"_isEnabled":false},"_slideInY":{"_from":50,"_isReverseDirection":false,"_isEnabled":false},"_slideInX":{"_from":50,"_isReverseDirection":false,"_isEnabled":false},"_isEnabled":false},"_left":{"_easing":"default","_delay":0,"_scaleIn":{"_from":50,"_isEnabled":false},"_fadeIn":{"_from":0,"_isEnabled":false},"_slideInY":{"_from":50,"_isReverseDirection":false,"_isEnabled":false},"_slideInX":{"_from":50,"_isReverseDirection":false,"_isEnabled":false},"_isEnabled":false},"_full":{"_easing":"default","_delay":0,"_scaleIn":{"_from":50,"_isEnabled":false},"_fadeIn":{"_from":0,"_isEnabled":false},"_slideInY":{"_from":50,"_isReverseDirection":false,"_isEnabled":false},"_slideInX":{"_from":50,"_isReverseDirection":false,"_isEnabled":false},"_isEnabled":false}},"_componentsVerticalAlignment":"center","_singleWidthIsCentered":true,"_singleWidthComponentLayout":"two-thirds-right","_classes":"","title":"New Block Title","_evolveTags":[],"_updatedAt":"2020-10-30T13:54:49.703Z","_createdAt":"2020-10-06T06:44:36.677Z","_type":"block","_isSnapShot":false,"_isHidden":false,"_isEnabled":true,"_courseOrder":"3-0-0","_childrenIds":["5f9a90e420cf2451834494b6","5f9a90ea20cf2451834494b8"]},{"_id":"5f9a923a20cf2451834494ce","_sortOrder":1,"_parentId":"5f7c12540aa7fc4a15963e9c","_courseId":"5f4cdba4bc8f9d107854ffe0","_createdBy":"5dcd26e142786d38a8a6ae57","__v":0,"_refId":"5f9a923a20cf2451834494ce","_search":{"_searchTagIds":[]},"_courseAttainment":{"_isEnabled":false},"_animations":{"_right":{"_easing":"default","_delay":0,"_scaleIn":{"_from":50,"_isEnabled":false},"_fadeIn":{"_from":0,"_isEnabled":false},"_slideInY":{"_from":50,"_isReverseDirection":false,"_isEnabled":false},"_slideInX":{"_from":50,"_isReverseDirection":false,"_isEnabled":false},"_isEnabled":false},"_left":{"_easing":"default","_delay":0,"_scaleIn":{"_from":50,"_isEnabled":false},"_fadeIn":{"_from":0,"_isEnabled":false},"_slideInY":{"_from":50,"_isReverseDirection":false,"_isEnabled":false},"_slideInX":{"_from":50,"_isReverseDirection":false,"_isEnabled":false},"_isEnabled":false},"_full":{"_easing":"default","_delay":0,"_scaleIn":{"_from":50,"_isEnabled":false},"_fadeIn":{"_from":0,"_isEnabled":false},"_slideInY":{"_from":50,"_isReverseDirection":false,"_isEnabled":false},"_slideInX":{"_from":50,"_isReverseDirection":false,"_isEnabled":false},"_isEnabled":false}},"_componentsVerticalAlignment":"top","_singleWidthIsCentered":true,"_singleWidthComponentLayout":"default","_classes":"","title":"New Block Title","_evolveTags":[],"_updatedAt":"2020-10-29T09:58:18.357Z","_createdAt":"2020-10-29T09:58:18.357Z","_type":"block","_isSnapShot":false,"_isHidden":false,"_isEnabled":true,"_courseOrder":"3-0-1","_childrenIds":["5f9a923f20cf2451834494d0"]},{"_id":"5f9a92b620cf2451834494da","_sortOrder":0,"_parentId":"5f9a927d20cf2451834494d4","_courseId":"5f4cdba4bc8f9d107854ffe0","_createdBy":"5dcd26e142786d38a8a6ae57","__v":0,"_refId":"5f9a92b620cf2451834494da","_updatedBy":"5dcd26e142786d38a8a6ae57","_search":{"_searchTagIds":[]},"_courseAttainment":{"_isEnabled":false},"_animations":{"_right":{"_easing":"default","_delay":0,"_scaleIn":{"_from":50,"_isEnabled":false},"_fadeIn":{"_from":0,"_isEnabled":false},"_slideInY":{"_from":50,"_isReverseDirection":false,"_isEnabled":false},"_slideInX":{"_from":50,"_isReverseDirection":false,"_isEnabled":false},"_isEnabled":false},"_left":{"_easing":"default","_delay":0,"_scaleIn":{"_from":50,"_isEnabled":false},"_fadeIn":{"_from":0,"_isEnabled":false},"_slideInY":{"_from":50,"_isReverseDirection":false,"_isEnabled":false},"_slideInX":{"_from":50,"_isReverseDirection":false,"_isEnabled":false},"_isEnabled":false},"_full":{"_easing":"default","_delay":0,"_scaleIn":{"_from":50,"_isEnabled":false},"_fadeIn":{"_from":0,"_isEnabled":false},"_slideInY":{"_from":50,"_isReverseDirection":false,"_isEnabled":false},"_slideInX":{"_from":50,"_isReverseDirection":false,"_isEnabled":false},"_isEnabled":false}},"_componentsVerticalAlignment":"center","_singleWidthIsCentered":true,"_singleWidthComponentLayout":"two-thirds-right","_classes":"","title":"New Block Title","_evolveTags":[],"_updatedAt":"2020-10-30T13:23:35.905Z","_createdAt":"2020-10-29T10:00:22.411Z","_type":"block","_isSnapShot":false,"_isHidden":false,"_isEnabled":true,"_courseOrder":"3-1-0","_childrenIds":["5f9a92bb20cf2451834494dc","5f9c13cb1e6b8526fbc17cd2"]},{"_id":"5f9a927d20cf2451834494d5","_courseId":"5f4cdba4bc8f9d107854ffe0","_parentId":"5f9a927d20cf2451834494d4","_sortOrder":1,"_createdBy":"5dcd26e142786d38a8a6ae57","__v":0,"_refId":"5f9a927d20cf2451834494d5","_search":{"_searchTagIds":[]},"_courseAttainment":{"_isEnabled":false},"_animations":{"_right":{"_easing":"default","_delay":0,"_scaleIn":{"_from":50,"_isEnabled":false},"_fadeIn":{"_from":0,"_isEnabled":false},"_slideInY":{"_from":50,"_isReverseDirection":false,"_isEnabled":false},"_slideInX":{"_from":50,"_isReverseDirection":false,"_isEnabled":false},"_isEnabled":false},"_left":{"_easing":"default","_delay":0,"_scaleIn":{"_from":50,"_isEnabled":false},"_fadeIn":{"_from":0,"_isEnabled":false},"_slideInY":{"_from":50,"_isReverseDirection":false,"_isEnabled":false},"_slideInX":{"_from":50,"_isReverseDirection":false,"_isEnabled":false},"_isEnabled":false},"_full":{"_easing":"default","_delay":0,"_scaleIn":{"_from":50,"_isEnabled":false},"_fadeIn":{"_from":0,"_isEnabled":false},"_slideInY":{"_from":50,"_isReverseDirection":false,"_isEnabled":false},"_slideInX":{"_from":50,"_isReverseDirection":false,"_isEnabled":false},"_isEnabled":false}},"_componentsVerticalAlignment":"top","_singleWidthIsCentered":true,"_singleWidthComponentLayout":"default","_classes":"","title":"New Block Title","_evolveTags":[],"_updatedAt":"2020-10-29T09:59:25.383Z","_createdAt":"2020-10-29T09:59:25.383Z","_type":"block","_isSnapShot":false,"_isHidden":false,"_isEnabled":true,"_courseOrder":"3-1-1","_childrenIds":["5f9a92a320cf2451834494d8"]},{"_id":"5fb67798202f617aaa4e1a11","_sortOrder":0,"_parentId":"5f9c1c881e6b8526fbc17cff","_courseId":"5f4cdba4bc8f9d107854ffe0","_createdBy":"5dcd26e142786d38a8a6ae57","__v":0,"_refId":"5fb67798202f617aaa4e1a11","body":"<p><span class=\"ev-icon ev-icon-heart fr-deletable ev-inline-icon\"><strong><span style=\"font-size: 16px;\">&nbsp;</span></strong></span><strong><span style=\"font-size: 16px;\">&nbsp; &nbsp;Klicke auf Sandra, um Dir das Audio anzuh&ouml;ren. </span></strong></p>","_updatedBy":"5dcd26e142786d38a8a6ae57","displayTitle":"Die Rahmenbedingungen","_search":{"_searchTagIds":[]},"_courseAttainment":{"_isEnabled":false},"_animations":{"_right":{"_easing":"default","_delay":0,"_scaleIn":{"_from":50,"_isEnabled":false},"_fadeIn":{"_from":0,"_isEnabled":false},"_slideInY":{"_from":50,"_isReverseDirection":false,"_isEnabled":false},"_slideInX":{"_from":50,"_isReverseDirection":false,"_isEnabled":false},"_isEnabled":false},"_left":{"_easing":"default","_delay":0,"_scaleIn":{"_from":50,"_isEnabled":false},"_fadeIn":{"_from":0,"_isEnabled":false},"_slideInY":{"_from":50,"_isReverseDirection":false,"_isEnabled":false},"_slideInX":{"_from":50,"_isReverseDirection":false,"_isEnabled":false},"_isEnabled":false},"_full":{"_easing":"default","_delay":0,"_scaleIn":{"_from":50,"_isEnabled":false},"_fadeIn":{"_from":0,"_isEnabled":false},"_slideInY":{"_from":50,"_isReverseDirection":false,"_isEnabled":false},"_slideInX":{"_from":50,"_isReverseDirection":false,"_isEnabled":false},"_isEnabled":false}},"_componentsVerticalAlignment":"center","_singleWidthIsCentered":true,"_singleWidthComponentLayout":"two-thirds-right","_classes":"","title":"New Block Title","_evolveTags":[],"_updatedAt":"2020-11-19T15:32:13.522Z","_createdAt":"2020-11-19T13:48:08.907Z","_type":"block","_isSnapShot":false,"_isHidden":false,"_isEnabled":true,"_courseOrder":"3-2-0","_childrenIds":["5fb677a5202f617aaa4e1a15","5fb6779f202f617aaa4e1a13"]},{"_id":"5fb39f919265ec4e86a85bfa","_sortOrder":0,"_parentId":"5f9ac6be20cf2451834495a7","_courseId":"5f4cdba4bc8f9d107854ffe0","_createdBy":"5dcd26e142786d38a8a6ae57","__v":0,"_refId":"5fb39f919265ec4e86a85bfa","_updatedBy":"5dcd26e142786d38a8a6ae57","_search":{"_searchTagIds":[]},"_courseAttainment":{"_isEnabled":false},"_animations":{"_right":{"_easing":"default","_delay":0,"_scaleIn":{"_from":50,"_isEnabled":false},"_fadeIn":{"_from":0,"_isEnabled":false},"_slideInY":{"_from":50,"_isReverseDirection":false,"_isEnabled":false},"_slideInX":{"_from":50,"_isReverseDirection":false,"_isEnabled":false},"_isEnabled":false},"_left":{"_easing":"default","_delay":0,"_scaleIn":{"_from":50,"_isEnabled":false},"_fadeIn":{"_from":0,"_isEnabled":false},"_slideInY":{"_from":50,"_isReverseDirection":false,"_isEnabled":false},"_slideInX":{"_from":50,"_isReverseDirection":false,"_isEnabled":false},"_isEnabled":false},"_full":{"_easing":"default","_delay":0,"_scaleIn":{"_from":50,"_isEnabled":false},"_fadeIn":{"_from":0,"_isEnabled":false},"_slideInY":{"_from":50,"_isReverseDirection":false,"_isEnabled":false},"_slideInX":{"_from":50,"_isReverseDirection":false,"_isEnabled":false},"_isEnabled":false}},"_componentsVerticalAlignment":"top","_singleWidthIsCentered":true,"_singleWidthComponentLayout":"default","_classes":"","title":"New Block Title","_evolveTags":[],"_updatedAt":"2020-11-17T10:06:22.041Z","_createdAt":"2020-11-17T10:01:53.076Z","_type":"block","_isSnapShot":false,"_isHidden":false,"_isEnabled":true,"_courseOrder":"3-3-0","_childrenIds":["5fb39f989265ec4e86a85bfc"]},{"_id":"5f9ac87a20cf2451834495b9","_sortOrder":1,"_parentId":"5f9ac6be20cf2451834495a7","_courseId":"5f4cdba4bc8f9d107854ffe0","_createdBy":"5dcd26e142786d38a8a6ae57","__v":0,"_refId":"5f9ac87a20cf2451834495b9","_search":{"_searchTagIds":[]},"_courseAttainment":{"_isEnabled":false},"_animations":{"_right":{"_easing":"default","_delay":0,"_scaleIn":{"_from":50,"_isEnabled":false},"_fadeIn":{"_from":0,"_isEnabled":false},"_slideInY":{"_from":50,"_isReverseDirection":false,"_isEnabled":false},"_slideInX":{"_from":50,"_isReverseDirection":false,"_isEnabled":false},"_isEnabled":false},"_left":{"_easing":"default","_delay":0,"_scaleIn":{"_from":50,"_isEnabled":false},"_fadeIn":{"_from":0,"_isEnabled":false},"_slideInY":{"_from":50,"_isReverseDirection":false,"_isEnabled":false},"_slideInX":{"_from":50,"_isReverseDirection":false,"_isEnabled":false},"_isEnabled":false},"_full":{"_easing":"default","_delay":0,"_scaleIn":{"_from":50,"_isEnabled":false},"_fadeIn":{"_from":0,"_isEnabled":false},"_slideInY":{"_from":50,"_isReverseDirection":false,"_isEnabled":false},"_slideInX":{"_from":50,"_isReverseDirection":false,"_isEnabled":false},"_isEnabled":false}},"_componentsVerticalAlignment":"top","_singleWidthIsCentered":true,"_singleWidthComponentLayout":"default","_classes":"","title":"New Block Title","_evolveTags":[],"_updatedAt":"2020-10-29T13:49:46.535Z","_createdAt":"2020-10-29T13:49:46.535Z","_type":"block","_isSnapShot":false,"_isHidden":false,"_isEnabled":true,"_courseOrder":"3-3-1","_childrenIds":["5f9ac88120cf2451834495bb"]},{"_id":"5f9ad00b20cf2451834495de","_courseId":"5f4cdba4bc8f9d107854ffe0","_parentId":"5f9ad00b20cf2451834495dd","_sortOrder":0,"_createdBy":"5dcd26e142786d38a8a6ae57","__v":0,"_refId":"5f9ad00b20cf2451834495de","_updatedBy":"5dcd26e142786d38a8a6ae57","body":"<p><span class=\"ev-icon ev-icon-heart fr-deletable ev-inline-icon\"><strong><span style=\"font-size: 16px;\">&nbsp;</span></strong></span><strong><span style=\"font-size: 16px;\">&nbsp;Klicke auf Sandra, um Dir das Audio anzuh&ouml;ren.</span></strong></p>","_search":{"_searchTagIds":[]},"_courseAttainment":{"_isEnabled":false},"_animations":{"_right":{"_easing":"default","_delay":0,"_scaleIn":{"_from":50,"_isEnabled":false},"_fadeIn":{"_from":0,"_isEnabled":false},"_slideInY":{"_from":50,"_isReverseDirection":false,"_isEnabled":false},"_slideInX":{"_from":50,"_isReverseDirection":false,"_isEnabled":false},"_isEnabled":false},"_left":{"_easing":"default","_delay":0,"_scaleIn":{"_from":50,"_isEnabled":false},"_fadeIn":{"_from":0,"_isEnabled":false},"_slideInY":{"_from":50,"_isReverseDirection":false,"_isEnabled":false},"_slideInX":{"_from":50,"_isReverseDirection":false,"_isEnabled":false},"_isEnabled":false},"_full":{"_easing":"default","_delay":0,"_scaleIn":{"_from":50,"_isEnabled":false},"_fadeIn":{"_from":0,"_isEnabled":false},"_slideInY":{"_from":50,"_isReverseDirection":false,"_isEnabled":false},"_slideInX":{"_from":50,"_isReverseDirection":false,"_isEnabled":false},"_isEnabled":false}},"_componentsVerticalAlignment":"center","_singleWidthIsCentered":true,"_singleWidthComponentLayout":"two-thirds-right","_classes":"","title":"New Block Title","_evolveTags":[],"_updatedAt":"2020-10-30T14:27:38.112Z","_createdAt":"2020-10-29T14:22:03.420Z","_type":"block","_isSnapShot":false,"_isHidden":false,"_isEnabled":false,"_courseOrder":"3-4-0"},{"_id":"5f9ad14720cf2451834495ea","_sortOrder":1,"_parentId":"5f9ad00b20cf2451834495dd","_courseId":"5f4cdba4bc8f9d107854ffe0","_createdBy":"5dcd26e142786d38a8a6ae57","__v":0,"_refId":"5f9ad14720cf2451834495ea","_search":{"_searchTagIds":[]},"_courseAttainment":{"_isEnabled":false},"_animations":{"_right":{"_easing":"default","_delay":0,"_scaleIn":{"_from":50,"_isEnabled":false},"_fadeIn":{"_from":0,"_isEnabled":false},"_slideInY":{"_from":50,"_isReverseDirection":false,"_isEnabled":false},"_slideInX":{"_from":50,"_isReverseDirection":false,"_isEnabled":false},"_isEnabled":false},"_left":{"_easing":"default","_delay":0,"_scaleIn":{"_from":50,"_isEnabled":false},"_fadeIn":{"_from":0,"_isEnabled":false},"_slideInY":{"_from":50,"_isReverseDirection":false,"_isEnabled":false},"_slideInX":{"_from":50,"_isReverseDirection":false,"_isEnabled":false},"_isEnabled":false},"_full":{"_easing":"default","_delay":0,"_scaleIn":{"_from":50,"_isEnabled":false},"_fadeIn":{"_from":0,"_isEnabled":false},"_slideInY":{"_from":50,"_isReverseDirection":false,"_isEnabled":false},"_slideInX":{"_from":50,"_isReverseDirection":false,"_isEnabled":false},"_isEnabled":false}},"_componentsVerticalAlignment":"top","_singleWidthIsCentered":true,"_singleWidthComponentLayout":"default","_classes":"","title":"New Block Title","_evolveTags":[],"_updatedAt":"2020-10-29T14:27:19.862Z","_createdAt":"2020-10-29T14:27:19.862Z","_type":"block","_isSnapShot":false,"_isHidden":false,"_isEnabled":false,"_courseOrder":"3-4-1"},{"_id":"5f7c126b0aa7fc4a15963ea2","_courseId":"5f4cdba4bc8f9d107854ffe0","_parentId":"5f7c126b0aa7fc4a15963ea1","_sortOrder":0,"_createdBy":"5dcd26e142786d38a8a6ae57","__v":0,"_refId":"5f7c126b0aa7fc4a15963ea2","_updatedBy":"5dcd26e142786d38a8a6ae57","_search":{"_searchTagIds":[]},"_courseAttainment":{"_isEnabled":false},"_animations":{"_right":{"_easing":"default","_delay":0,"_scaleIn":{"_from":50,"_isEnabled":false},"_fadeIn":{"_from":0,"_isEnabled":false},"_slideInY":{"_from":50,"_isReverseDirection":false,"_isEnabled":false},"_slideInX":{"_from":50,"_isReverseDirection":false,"_isEnabled":false},"_isEnabled":false},"_left":{"_easing":"default","_delay":0,"_scaleIn":{"_from":50,"_isEnabled":false},"_fadeIn":{"_from":0,"_isEnabled":false},"_slideInY":{"_from":50,"_isReverseDirection":false,"_isEnabled":false},"_slideInX":{"_from":50,"_isReverseDirection":false,"_isEnabled":false},"_isEnabled":false},"_full":{"_easing":"default","_delay":0,"_scaleIn":{"_from":50,"_isEnabled":false},"_fadeIn":{"_from":0,"_isEnabled":false},"_slideInY":{"_from":50,"_isReverseDirection":false,"_isEnabled":false},"_slideInX":{"_from":50,"_isReverseDirection":false,"_isEnabled":false},"_isEnabled":false}},"_componentsVerticalAlignment":"center","_singleWidthIsCentered":true,"_singleWidthComponentLayout":"two-thirds-right","_classes":"","title":"New Block Title","_evolveTags":[],"_updatedAt":"2020-10-30T13:29:30.261Z","_createdAt":"2020-10-06T06:44:59.452Z","_type":"block","_isSnapShot":false,"_isHidden":false,"_isEnabled":true,"_courseOrder":"4-0-0","_childrenIds":["5f9ad36a20cf2451834495f4","5f9c15251e6b8526fbc17ce1"]},{"_id":"5f9fc63133df1b745ebc52bc","_courseId":"5f4cdba4bc8f9d107854ffe0","_parentId":"5f9fc63133df1b745ebc52bb","_sortOrder":0,"_createdBy":"5dcd26e142786d38a8a6ae57","__v":0,"_refId":"5f9fc63133df1b745ebc52bc","_search":{"_searchTagIds":[]},"_courseAttainment":{"_isEnabled":false},"_animations":{"_right":{"_easing":"default","_delay":0,"_scaleIn":{"_from":50,"_isEnabled":false},"_fadeIn":{"_from":0,"_isEnabled":false},"_slideInY":{"_from":50,"_isReverseDirection":false,"_isEnabled":false},"_slideInX":{"_from":50,"_isReverseDirection":false,"_isEnabled":false},"_isEnabled":false},"_left":{"_easing":"default","_delay":0,"_scaleIn":{"_from":50,"_isEnabled":false},"_fadeIn":{"_from":0,"_isEnabled":false},"_slideInY":{"_from":50,"_isReverseDirection":false,"_isEnabled":false},"_slideInX":{"_from":50,"_isReverseDirection":false,"_isEnabled":false},"_isEnabled":false},"_full":{"_easing":"default","_delay":0,"_scaleIn":{"_from":50,"_isEnabled":false},"_fadeIn":{"_from":0,"_isEnabled":false},"_slideInY":{"_from":50,"_isReverseDirection":false,"_isEnabled":false},"_slideInX":{"_from":50,"_isReverseDirection":false,"_isEnabled":false},"_isEnabled":false}},"_componentsVerticalAlignment":"top","_singleWidthIsCentered":true,"_singleWidthComponentLayout":"default","_classes":"","title":"New Block Title","_evolveTags":[],"_updatedAt":"2020-11-02T08:41:21.740Z","_createdAt":"2020-11-02T08:41:21.740Z","_type":"block","_isSnapShot":false,"_isHidden":false,"_isEnabled":true,"_courseOrder":"4-1-0","_childrenIds":["5f9ad39f20cf2451834495fb"]},{"_id":"5f9bc5521e6b8526fbc17b39","_courseId":"5f4cdba4bc8f9d107854ffe0","_parentId":"5f9bc5521e6b8526fbc17b38","_sortOrder":0,"_createdBy":"5dcd26e142786d38a8a6ae57","__v":0,"_refId":"5f9bc5521e6b8526fbc17b39","_updatedBy":"5dcd26e142786d38a8a6ae57","body":"<p><span class=\"ev-icon ev-icon-heart fr-deletable ev-inline-icon\"><strong><span style=\"font-size: 16px;\">&nbsp;</span></strong></span><strong><span style=\"font-size: 16px;\">&nbsp;Klicke auf Sandra, um Dir das Audio anzuh&ouml;ren.</span></strong></p>","_search":{"_searchTagIds":[]},"_courseAttainment":{"_isEnabled":false},"_animations":{"_right":{"_easing":"default","_delay":0,"_scaleIn":{"_from":50,"_isEnabled":false},"_fadeIn":{"_from":0,"_isEnabled":false},"_slideInY":{"_from":50,"_isReverseDirection":false,"_isEnabled":false},"_slideInX":{"_from":50,"_isReverseDirection":false,"_isEnabled":false},"_isEnabled":false},"_left":{"_easing":"default","_delay":0,"_scaleIn":{"_from":50,"_isEnabled":false},"_fadeIn":{"_from":0,"_isEnabled":false},"_slideInY":{"_from":50,"_isReverseDirection":false,"_isEnabled":false},"_slideInX":{"_from":50,"_isReverseDirection":false,"_isEnabled":false},"_isEnabled":false},"_full":{"_easing":"default","_delay":0,"_scaleIn":{"_from":50,"_isEnabled":false},"_fadeIn":{"_from":0,"_isEnabled":false},"_slideInY":{"_from":50,"_isReverseDirection":false,"_isEnabled":false},"_slideInX":{"_from":50,"_isReverseDirection":false,"_isEnabled":false},"_isEnabled":false}},"_componentsVerticalAlignment":"center","_singleWidthIsCentered":true,"_singleWidthComponentLayout":"two-thirds-right","_classes":"","title":"New Block Title","_evolveTags":[],"_updatedAt":"2020-11-19T13:59:04.722Z","_createdAt":"2020-10-30T07:48:34.564Z","_type":"block","_isSnapShot":false,"_isHidden":false,"_isEnabled":false,"_courseOrder":"4-2-0"},{"_id":"5fa52ff02680c80524507f92","_sortOrder":1,"_parentId":"5f9bc5521e6b8526fbc17b38","_courseId":"5f4cdba4bc8f9d107854ffe0","_createdBy":"5dcd26e142786d38a8a6ae57","__v":0,"_refId":"5fa52ff02680c80524507f92","_search":{"_searchTagIds":[]},"_courseAttainment":{"_isEnabled":false},"_animations":{"_right":{"_easing":"default","_delay":0,"_scaleIn":{"_from":50,"_isEnabled":false},"_fadeIn":{"_from":0,"_isEnabled":false},"_slideInY":{"_from":50,"_isReverseDirection":false,"_isEnabled":false},"_slideInX":{"_from":50,"_isReverseDirection":false,"_isEnabled":false},"_isEnabled":false},"_left":{"_easing":"default","_delay":0,"_scaleIn":{"_from":50,"_isEnabled":false},"_fadeIn":{"_from":0,"_isEnabled":false},"_slideInY":{"_from":50,"_isReverseDirection":false,"_isEnabled":false},"_slideInX":{"_from":50,"_isReverseDirection":false,"_isEnabled":false},"_isEnabled":false},"_full":{"_easing":"default","_delay":0,"_scaleIn":{"_from":50,"_isEnabled":false},"_fadeIn":{"_from":0,"_isEnabled":false},"_slideInY":{"_from":50,"_isReverseDirection":false,"_isEnabled":false},"_slideInX":{"_from":50,"_isReverseDirection":false,"_isEnabled":false},"_isEnabled":false}},"_componentsVerticalAlignment":"top","_singleWidthIsCentered":true,"_singleWidthComponentLayout":"default","_classes":"","title":"New Block Title","_evolveTags":[],"_updatedAt":"2020-11-06T11:13:52.728Z","_createdAt":"2020-11-06T11:13:52.728Z","_type":"block","_isSnapShot":false,"_isHidden":false,"_isEnabled":true,"_courseOrder":"4-2-1","_childrenIds":["5fa52ff52680c80524507f94"]},{"_id":"5fa2e988e885a441ebec92d2","_sortOrder":2,"_parentId":"5f9bc5521e6b8526fbc17b38","_courseId":"5f4cdba4bc8f9d107854ffe0","_createdBy":"5dcd26e142786d38a8a6ae57","__v":0,"_refId":"5fa2e988e885a441ebec92d2","_updatedBy":"5dcd26e142786d38a8a6ae57","body":"<p><span class=\"ev-icon ev-icon-heart fr-deletable ev-inline-icon\"><strong><span style=\"font-size: 16px;\">&nbsp;</span></strong></span><strong><span style=\"font-size: 16px;\">&nbsp;Klicke auf Sandra, um Dir das Audio anzuh&ouml;ren.</span></strong></p>","displayTitle":"Was kann ich tun, wenn mein Mitarbeiter die Bewertung und/oder die R&uuml;ckmeldung von mir nicht akzeptiert?","_search":{"_searchTagIds":[]},"_courseAttainment":{"_isEnabled":false},"_animations":{"_right":{"_easing":"default","_delay":0,"_scaleIn":{"_from":50,"_isEnabled":false},"_fadeIn":{"_from":0,"_isEnabled":false},"_slideInY":{"_from":50,"_isReverseDirection":false,"_isEnabled":false},"_slideInX":{"_from":50,"_isReverseDirection":false,"_isEnabled":false},"_isEnabled":false},"_left":{"_easing":"default","_delay":0,"_scaleIn":{"_from":50,"_isEnabled":false},"_fadeIn":{"_from":0,"_isEnabled":false},"_slideInY":{"_from":50,"_isReverseDirection":false,"_isEnabled":false},"_slideInX":{"_from":50,"_isReverseDirection":false,"_isEnabled":false},"_isEnabled":false},"_full":{"_easing":"default","_delay":0,"_scaleIn":{"_from":50,"_isEnabled":false},"_fadeIn":{"_from":0,"_isEnabled":false},"_slideInY":{"_from":50,"_isReverseDirection":false,"_isEnabled":false},"_slideInX":{"_from":50,"_isReverseDirection":false,"_isEnabled":false},"_isEnabled":false}},"_componentsVerticalAlignment":"center","_singleWidthIsCentered":true,"_singleWidthComponentLayout":"two-thirds-right","_classes":"","title":"Rückmeldung nicht akzeptiert","_evolveTags":[],"_updatedAt":"2020-11-17T10:27:08.874Z","_createdAt":"2020-11-04T17:48:56.310Z","_type":"block","_isSnapShot":false,"_isHidden":false,"_isEnabled":true,"_courseOrder":"4-2-2","_childrenIds":["5fa2e9b6e885a441ebec92dc","5fa2e991e885a441ebec92d4"]},{"_id":"5f9bc6ed1e6b8526fbc17b5a","_courseId":"5f4cdba4bc8f9d107854ffe0","_parentId":"5f9bc6ed1e6b8526fbc17b59","_sortOrder":0,"_createdBy":"5dcd26e142786d38a8a6ae57","__v":0,"_refId":"5f9bc6ed1e6b8526fbc17b5a","_updatedBy":"5dcd26e142786d38a8a6ae57","displayTitle":"Was kann ich tun, wenn mein Mitarbeiter nicht bef&ouml;rdert werden will?","_search":{"_searchTagIds":[]},"_courseAttainment":{"_isEnabled":false},"_animations":{"_right":{"_easing":"default","_delay":0,"_scaleIn":{"_from":50,"_isEnabled":false},"_fadeIn":{"_from":0,"_isEnabled":false},"_slideInY":{"_from":50,"_isReverseDirection":false,"_isEnabled":false},"_slideInX":{"_from":50,"_isReverseDirection":false,"_isEnabled":false},"_isEnabled":false},"_left":{"_easing":"default","_delay":0,"_scaleIn":{"_from":50,"_isEnabled":false},"_fadeIn":{"_from":0,"_isEnabled":false},"_slideInY":{"_from":50,"_isReverseDirection":false,"_isEnabled":false},"_slideInX":{"_from":50,"_isReverseDirection":false,"_isEnabled":false},"_isEnabled":false},"_full":{"_easing":"default","_delay":0,"_scaleIn":{"_from":50,"_isEnabled":false},"_fadeIn":{"_from":0,"_isEnabled":false},"_slideInY":{"_from":50,"_isReverseDirection":false,"_isEnabled":false},"_slideInX":{"_from":50,"_isReverseDirection":false,"_isEnabled":false},"_isEnabled":false}},"_componentsVerticalAlignment":"center","_singleWidthIsCentered":true,"_singleWidthComponentLayout":"two-thirds-right","_classes":"","title":"New Block Title","_evolveTags":[],"_updatedAt":"2020-11-17T10:18:30.827Z","_createdAt":"2020-10-30T07:55:25.544Z","_type":"block","_isSnapShot":false,"_isHidden":false,"_isEnabled":true,"_courseOrder":"4-3-0","_childrenIds":["5f9bc7271e6b8526fbc17b5d","5f9c15931e6b8526fbc17ceb"]},{"_id":"5f9bc7561e6b8526fbc17b62","_sortOrder":0,"_parentId":"5f9fc67733df1b745ebc52c3","_courseId":"5f4cdba4bc8f9d107854ffe0","_createdBy":"5dcd26e142786d38a8a6ae57","__v":0,"_refId":"5f9bc7561e6b8526fbc17b62","_updatedBy":"5dcd26e142786d38a8a6ae57","_search":{"_searchTagIds":[]},"_courseAttainment":{"_isEnabled":false},"_animations":{"_right":{"_easing":"default","_delay":0,"_scaleIn":{"_from":50,"_isEnabled":false},"_fadeIn":{"_from":0,"_isEnabled":false},"_slideInY":{"_from":50,"_isReverseDirection":false,"_isEnabled":false},"_slideInX":{"_from":50,"_isReverseDirection":false,"_isEnabled":false},"_isEnabled":false},"_left":{"_easing":"default","_delay":0,"_scaleIn":{"_from":50,"_isEnabled":false},"_fadeIn":{"_from":0,"_isEnabled":false},"_slideInY":{"_from":50,"_isReverseDirection":false,"_isEnabled":false},"_slideInX":{"_from":50,"_isReverseDirection":false,"_isEnabled":false},"_isEnabled":false},"_full":{"_easing":"default","_delay":0,"_scaleIn":{"_from":50,"_isEnabled":false},"_fadeIn":{"_from":0,"_isEnabled":false},"_slideInY":{"_from":50,"_isReverseDirection":false,"_isEnabled":false},"_slideInX":{"_from":50,"_isReverseDirection":false,"_isEnabled":false},"_isEnabled":false}},"_componentsVerticalAlignment":"top","_singleWidthIsCentered":true,"_singleWidthComponentLayout":"default","_classes":"","title":"New Block Title","_evolveTags":[],"_updatedAt":"2020-11-02T08:42:40.217Z","_createdAt":"2020-10-30T07:57:10.882Z","_type":"block","_isSnapShot":false,"_isHidden":false,"_isEnabled":true,"_courseOrder":"4-4-0","_childrenIds":["5f9bc75c1e6b8526fbc17b64"]},{"_id":"5f9bc7741e6b8526fbc17b68","_courseId":"5f4cdba4bc8f9d107854ffe0","_parentId":"5fa2eaf1e885a441ebec92ea","_sortOrder":0,"_createdBy":"5dcd26e142786d38a8a6ae57","__v":0,"_refId":"5f9bc7741e6b8526fbc17b68","_updatedBy":"5dcd26e142786d38a8a6ae57","body":"<p><span class=\"ev-icon ev-icon-heart fr-deletable ev-inline-icon\" style=\"font-size: 16px;\"><strong>&nbsp;</strong></span><span style=\"font-size: 16px;\"><strong>&nbsp;Klicke auf Sandra, um Dir das Audio anzuh&ouml;ren.</strong></span></p>","_search":{"_searchTagIds":[]},"_courseAttainment":{"_isEnabled":false},"_animations":{"_right":{"_easing":"default","_delay":0,"_scaleIn":{"_from":50,"_isEnabled":false},"_fadeIn":{"_from":0,"_isEnabled":false},"_slideInY":{"_from":50,"_isReverseDirection":false,"_isEnabled":false},"_slideInX":{"_from":50,"_isReverseDirection":false,"_isEnabled":false},"_isEnabled":false},"_left":{"_easing":"default","_delay":0,"_scaleIn":{"_from":50,"_isEnabled":false},"_fadeIn":{"_from":0,"_isEnabled":false},"_slideInY":{"_from":50,"_isReverseDirection":false,"_isEnabled":false},"_slideInX":{"_from":50,"_isReverseDirection":false,"_isEnabled":false},"_isEnabled":false},"_full":{"_easing":"default","_delay":0,"_scaleIn":{"_from":50,"_isEnabled":false},"_fadeIn":{"_from":0,"_isEnabled":false},"_slideInY":{"_from":50,"_isReverseDirection":false,"_isEnabled":false},"_slideInX":{"_from":50,"_isReverseDirection":false,"_isEnabled":false},"_isEnabled":false}},"_componentsVerticalAlignment":"center","_singleWidthIsCentered":true,"_singleWidthComponentLayout":"two-thirds-right","_classes":"","title":"New Block Title","_evolveTags":[],"_updatedAt":"2020-12-14T12:21:56.391Z","_createdAt":"2020-10-30T07:57:40.563Z","_type":"block","_isSnapShot":false,"_isHidden":false,"_isEnabled":true,"_courseOrder":"4-5-0","_childrenIds":["5f9bc7bd1e6b8526fbc17b6b","5f9c20261e6b8526fbc17d18"]},{"_id":"5f9bd0541e6b8526fbc17b72","_sortOrder":0,"_parentId":"5fa2eb2be885a441ebec92f1","_courseId":"5f4cdba4bc8f9d107854ffe0","_createdBy":"5dcd26e142786d38a8a6ae57","__v":0,"_refId":"5f9bd0541e6b8526fbc17b72","_updatedBy":"5dcd26e142786d38a8a6ae57","_search":{"_searchTagIds":[]},"_courseAttainment":{"_isEnabled":false},"_animations":{"_right":{"_easing":"default","_delay":0,"_scaleIn":{"_from":50,"_isEnabled":false},"_fadeIn":{"_from":0,"_isEnabled":false},"_slideInY":{"_from":50,"_isReverseDirection":false,"_isEnabled":false},"_slideInX":{"_from":50,"_isReverseDirection":false,"_isEnabled":false},"_isEnabled":false},"_left":{"_easing":"default","_delay":0,"_scaleIn":{"_from":50,"_isEnabled":false},"_fadeIn":{"_from":0,"_isEnabled":false},"_slideInY":{"_from":50,"_isReverseDirection":false,"_isEnabled":false},"_slideInX":{"_from":50,"_isReverseDirection":false,"_isEnabled":false},"_isEnabled":false},"_full":{"_easing":"default","_delay":0,"_scaleIn":{"_from":50,"_isEnabled":false},"_fadeIn":{"_from":0,"_isEnabled":false},"_slideInY":{"_from":50,"_isReverseDirection":false,"_isEnabled":false},"_slideInX":{"_from":50,"_isReverseDirection":false,"_isEnabled":false},"_isEnabled":false}},"_componentsVerticalAlignment":"center","_singleWidthIsCentered":true,"_singleWidthComponentLayout":"default","_classes":"","title":"New Block Title","_evolveTags":[],"_updatedAt":"2020-11-04T17:56:04.322Z","_createdAt":"2020-10-30T08:35:32.931Z","_type":"block","_isSnapShot":false,"_isHidden":false,"_isEnabled":true,"_courseOrder":"4-6-0","_childrenIds":["5f9bd05a1e6b8526fbc17b74","5f9bd05d1e6b8526fbc17b76"]},{"_id":"5f9bd0e01e6b8526fbc17b7c","_sortOrder":1,"_parentId":"5fa2eb2be885a441ebec92f1","_courseId":"5f4cdba4bc8f9d107854ffe0","_createdBy":"5dcd26e142786d38a8a6ae57","__v":0,"_refId":"5f9bd0e01e6b8526fbc17b7c","_updatedBy":"5dcd26e142786d38a8a6ae57","_search":{"_searchTagIds":[]},"_courseAttainment":{"_isEnabled":false},"_animations":{"_right":{"_easing":"default","_delay":0,"_scaleIn":{"_from":50,"_isEnabled":false},"_fadeIn":{"_from":0,"_isEnabled":false},"_slideInY":{"_from":50,"_isReverseDirection":false,"_isEnabled":false},"_slideInX":{"_from":50,"_isReverseDirection":false,"_isEnabled":false},"_isEnabled":false},"_left":{"_easing":"default","_delay":0,"_scaleIn":{"_from":50,"_isEnabled":false},"_fadeIn":{"_from":0,"_isEnabled":false},"_slideInY":{"_from":50,"_isReverseDirection":false,"_isEnabled":false},"_slideInX":{"_from":50,"_isReverseDirection":false,"_isEnabled":false},"_isEnabled":false},"_full":{"_easing":"default","_delay":0,"_scaleIn":{"_from":50,"_isEnabled":false},"_fadeIn":{"_from":0,"_isEnabled":false},"_slideInY":{"_from":50,"_isReverseDirection":false,"_isEnabled":false},"_slideInX":{"_from":50,"_isReverseDirection":false,"_isEnabled":false},"_isEnabled":false}},"_componentsVerticalAlignment":"top","_singleWidthIsCentered":true,"_singleWidthComponentLayout":"default","_classes":"","title":"New Block Title","_evolveTags":[],"_updatedAt":"2020-11-04T17:56:09.426Z","_createdAt":"2020-10-30T08:37:52.753Z","_type":"block","_isSnapShot":false,"_isHidden":false,"_isEnabled":true,"_courseOrder":"4-6-1","_childrenIds":["5f9bd0e61e6b8526fbc17b7e"]},{"_id":"5f9bd1a31e6b8526fbc17b85","_sortOrder":0,"_parentId":"5fa2ec10e885a441ebec92f9","_courseId":"5f4cdba4bc8f9d107854ffe0","_createdBy":"5dcd26e142786d38a8a6ae57","__v":0,"_refId":"5f9bd1a31e6b8526fbc17b85","_updatedBy":"5dcd26e142786d38a8a6ae57","_search":{"_searchTagIds":[]},"_courseAttainment":{"_isEnabled":false},"_animations":{"_right":{"_easing":"default","_delay":0,"_scaleIn":{"_from":50,"_isEnabled":false},"_fadeIn":{"_from":0,"_isEnabled":false},"_slideInY":{"_from":50,"_isReverseDirection":false,"_isEnabled":false},"_slideInX":{"_from":50,"_isReverseDirection":false,"_isEnabled":false},"_isEnabled":false},"_left":{"_easing":"default","_delay":0,"_scaleIn":{"_from":50,"_isEnabled":false},"_fadeIn":{"_from":0,"_isEnabled":false},"_slideInY":{"_from":50,"_isReverseDirection":false,"_isEnabled":false},"_slideInX":{"_from":50,"_isReverseDirection":false,"_isEnabled":false},"_isEnabled":false},"_full":{"_easing":"default","_delay":0,"_scaleIn":{"_from":50,"_isEnabled":false},"_fadeIn":{"_from":0,"_isEnabled":false},"_slideInY":{"_from":50,"_isReverseDirection":false,"_isEnabled":false},"_slideInX":{"_from":50,"_isReverseDirection":false,"_isEnabled":false},"_isEnabled":false}},"_componentsVerticalAlignment":"center","_singleWidthIsCentered":true,"_singleWidthComponentLayout":"default","_classes":"","title":"New Block Title","_evolveTags":[],"_updatedAt":"2020-11-04T17:59:53.146Z","_createdAt":"2020-10-30T08:41:07.700Z","_type":"block","_isSnapShot":false,"_isHidden":false,"_isEnabled":true,"_courseOrder":"4-7-0","_childrenIds":["5f9bd1a81e6b8526fbc17b87","5f9bd1ae1e6b8526fbc17b89"]},{"_id":"5f9bd1dd1e6b8526fbc17b8f","_sortOrder":1,"_parentId":"5fa2ec10e885a441ebec92f9","_courseId":"5f4cdba4bc8f9d107854ffe0","_createdBy":"5dcd26e142786d38a8a6ae57","__v":0,"_refId":"5f9bd1dd1e6b8526fbc17b8f","_updatedBy":"5dcd26e142786d38a8a6ae57","_search":{"_searchTagIds":[]},"_courseAttainment":{"_isEnabled":false},"_animations":{"_right":{"_easing":"default","_delay":0,"_scaleIn":{"_from":50,"_isEnabled":false},"_fadeIn":{"_from":0,"_isEnabled":false},"_slideInY":{"_from":50,"_isReverseDirection":false,"_isEnabled":false},"_slideInX":{"_from":50,"_isReverseDirection":false,"_isEnabled":false},"_isEnabled":false},"_left":{"_easing":"default","_delay":0,"_scaleIn":{"_from":50,"_isEnabled":false},"_fadeIn":{"_from":0,"_isEnabled":false},"_slideInY":{"_from":50,"_isReverseDirection":false,"_isEnabled":false},"_slideInX":{"_from":50,"_isReverseDirection":false,"_isEnabled":false},"_isEnabled":false},"_full":{"_easing":"default","_delay":0,"_scaleIn":{"_from":50,"_isEnabled":false},"_fadeIn":{"_from":0,"_isEnabled":false},"_slideInY":{"_from":50,"_isReverseDirection":false,"_isEnabled":false},"_slideInX":{"_from":50,"_isReverseDirection":false,"_isEnabled":false},"_isEnabled":false}},"_componentsVerticalAlignment":"top","_singleWidthIsCentered":true,"_singleWidthComponentLayout":"default","_classes":"","title":"New Block Title","_evolveTags":[],"_updatedAt":"2020-11-04T17:59:58.260Z","_createdAt":"2020-10-30T08:42:05.059Z","_type":"block","_isSnapShot":false,"_isHidden":false,"_isEnabled":true,"_courseOrder":"4-7-1","_childrenIds":["5f9bd1e21e6b8526fbc17b91"]},{"_id":"5f9bd2851e6b8526fbc17b98","_sortOrder":0,"_parentId":"5fa2ec24e885a441ebec92ff","_courseId":"5f4cdba4bc8f9d107854ffe0","_createdBy":"5dcd26e142786d38a8a6ae57","__v":0,"_refId":"5f9bd2851e6b8526fbc17b98","_updatedBy":"5dcd26e142786d38a8a6ae57","_search":{"_searchTagIds":[]},"_courseAttainment":{"_isEnabled":false},"_animations":{"_right":{"_easing":"default","_delay":0,"_scaleIn":{"_from":50,"_isEnabled":false},"_fadeIn":{"_from":0,"_isEnabled":false},"_slideInY":{"_from":50,"_isReverseDirection":false,"_isEnabled":false},"_slideInX":{"_from":50,"_isReverseDirection":false,"_isEnabled":false},"_isEnabled":false},"_left":{"_easing":"default","_delay":0,"_scaleIn":{"_from":50,"_isEnabled":false},"_fadeIn":{"_from":0,"_isEnabled":false},"_slideInY":{"_from":50,"_isReverseDirection":false,"_isEnabled":false},"_slideInX":{"_from":50,"_isReverseDirection":false,"_isEnabled":false},"_isEnabled":false},"_full":{"_easing":"default","_delay":0,"_scaleIn":{"_from":50,"_isEnabled":false},"_fadeIn":{"_from":0,"_isEnabled":false},"_slideInY":{"_from":50,"_isReverseDirection":false,"_isEnabled":false},"_slideInX":{"_from":50,"_isReverseDirection":false,"_isEnabled":false},"_isEnabled":false}},"_componentsVerticalAlignment":"center","_singleWidthIsCentered":true,"_singleWidthComponentLayout":"default","_classes":"","title":"New Block Title","_evolveTags":[],"_updatedAt":"2020-11-04T18:00:39.821Z","_createdAt":"2020-10-30T08:44:53.078Z","_type":"block","_isSnapShot":false,"_isHidden":false,"_isEnabled":true,"_courseOrder":"4-8-0","_childrenIds":["5f9bd28a1e6b8526fbc17b9a","5f9bd28e1e6b8526fbc17b9c"]},{"_id":"5f9bd2b61e6b8526fbc17ba1","_sortOrder":1,"_parentId":"5fa2ec24e885a441ebec92ff","_courseId":"5f4cdba4bc8f9d107854ffe0","_createdBy":"5dcd26e142786d38a8a6ae57","__v":0,"_refId":"5f9bd2b61e6b8526fbc17ba1","_updatedBy":"5dcd26e142786d38a8a6ae57","_search":{"_searchTagIds":[]},"_courseAttainment":{"_isEnabled":false},"_animations":{"_right":{"_easing":"default","_delay":0,"_scaleIn":{"_from":50,"_isEnabled":false},"_fadeIn":{"_from":0,"_isEnabled":false},"_slideInY":{"_from":50,"_isReverseDirection":false,"_isEnabled":false},"_slideInX":{"_from":50,"_isReverseDirection":false,"_isEnabled":false},"_isEnabled":false},"_left":{"_easing":"default","_delay":0,"_scaleIn":{"_from":50,"_isEnabled":false},"_fadeIn":{"_from":0,"_isEnabled":false},"_slideInY":{"_from":50,"_isReverseDirection":false,"_isEnabled":false},"_slideInX":{"_from":50,"_isReverseDirection":false,"_isEnabled":false},"_isEnabled":false},"_full":{"_easing":"default","_delay":0,"_scaleIn":{"_from":50,"_isEnabled":false},"_fadeIn":{"_from":0,"_isEnabled":false},"_slideInY":{"_from":50,"_isReverseDirection":false,"_isEnabled":false},"_slideInX":{"_from":50,"_isReverseDirection":false,"_isEnabled":false},"_isEnabled":false}},"_componentsVerticalAlignment":"top","_singleWidthIsCentered":true,"_singleWidthComponentLayout":"default","_classes":"","title":"New Block Title","_evolveTags":[],"_updatedAt":"2020-11-04T18:00:43.801Z","_createdAt":"2020-10-30T08:45:42.035Z","_type":"block","_isSnapShot":false,"_isHidden":false,"_isEnabled":true,"_courseOrder":"4-8-1","_childrenIds":["5f9bd2bd1e6b8526fbc17ba3"]},{"_id":"5f9bd30e1e6b8526fbc17baa","_sortOrder":0,"_parentId":"5fa2ec5de885a441ebec9306","_courseId":"5f4cdba4bc8f9d107854ffe0","_createdBy":"5dcd26e142786d38a8a6ae57","__v":0,"_refId":"5f9bd30e1e6b8526fbc17baa","_updatedBy":"5dcd26e142786d38a8a6ae57","_search":{"_searchTagIds":[]},"_courseAttainment":{"_isEnabled":false},"_animations":{"_right":{"_easing":"default","_delay":0,"_scaleIn":{"_from":50,"_isEnabled":false},"_fadeIn":{"_from":0,"_isEnabled":false},"_slideInY":{"_from":50,"_isReverseDirection":false,"_isEnabled":false},"_slideInX":{"_from":50,"_isReverseDirection":false,"_isEnabled":false},"_isEnabled":false},"_left":{"_easing":"default","_delay":0,"_scaleIn":{"_from":50,"_isEnabled":false},"_fadeIn":{"_from":0,"_isEnabled":false},"_slideInY":{"_from":50,"_isReverseDirection":false,"_isEnabled":false},"_slideInX":{"_from":50,"_isReverseDirection":false,"_isEnabled":false},"_isEnabled":false},"_full":{"_easing":"default","_delay":0,"_scaleIn":{"_from":50,"_isEnabled":false},"_fadeIn":{"_from":0,"_isEnabled":false},"_slideInY":{"_from":50,"_isReverseDirection":false,"_isEnabled":false},"_slideInX":{"_from":50,"_isReverseDirection":false,"_isEnabled":false},"_isEnabled":false}},"_componentsVerticalAlignment":"center","_singleWidthIsCentered":true,"_singleWidthComponentLayout":"default","_classes":"","title":"New Block Title","_evolveTags":[],"_updatedAt":"2020-11-04T18:01:08.822Z","_createdAt":"2020-10-30T08:47:10.141Z","_type":"block","_isSnapShot":false,"_isHidden":false,"_isEnabled":true,"_courseOrder":"4-9-0","_childrenIds":["5f9bd3121e6b8526fbc17bac","5f9bd3151e6b8526fbc17bae"]},{"_id":"5f9bd3371e6b8526fbc17bb3","_sortOrder":1,"_parentId":"5fa2ec5de885a441ebec9306","_courseId":"5f4cdba4bc8f9d107854ffe0","_createdBy":"5dcd26e142786d38a8a6ae57","__v":0,"_refId":"5f9bd3371e6b8526fbc17bb3","_updatedBy":"5dcd26e142786d38a8a6ae57","_search":{"_searchTagIds":[]},"_courseAttainment":{"_isEnabled":false},"_animations":{"_right":{"_easing":"default","_delay":0,"_scaleIn":{"_from":50,"_isEnabled":false},"_fadeIn":{"_from":0,"_isEnabled":false},"_slideInY":{"_from":50,"_isReverseDirection":false,"_isEnabled":false},"_slideInX":{"_from":50,"_isReverseDirection":false,"_isEnabled":false},"_isEnabled":false},"_left":{"_easing":"default","_delay":0,"_scaleIn":{"_from":50,"_isEnabled":false},"_fadeIn":{"_from":0,"_isEnabled":false},"_slideInY":{"_from":50,"_isReverseDirection":false,"_isEnabled":false},"_slideInX":{"_from":50,"_isReverseDirection":false,"_isEnabled":false},"_isEnabled":false},"_full":{"_easing":"default","_delay":0,"_scaleIn":{"_from":50,"_isEnabled":false},"_fadeIn":{"_from":0,"_isEnabled":false},"_slideInY":{"_from":50,"_isReverseDirection":false,"_isEnabled":false},"_slideInX":{"_from":50,"_isReverseDirection":false,"_isEnabled":false},"_isEnabled":false}},"_componentsVerticalAlignment":"top","_singleWidthIsCentered":true,"_singleWidthComponentLayout":"default","_classes":"","title":"New Block Title","_evolveTags":[],"_updatedAt":"2020-11-04T18:01:12.346Z","_createdAt":"2020-10-30T08:47:51.477Z","_type":"block","_isSnapShot":false,"_isHidden":false,"_isEnabled":true,"_courseOrder":"4-9-1","_childrenIds":["5f9bd33c1e6b8526fbc17bb5"]},{"_id":"5f9bd3a81e6b8526fbc17bbc","_sortOrder":0,"_parentId":"5f9bc7741e6b8526fbc17b67","_courseId":"5f4cdba4bc8f9d107854ffe0","_createdBy":"5dcd26e142786d38a8a6ae57","__v":0,"_refId":"5f9bd3a81e6b8526fbc17bbc","_updatedBy":"5dcd26e142786d38a8a6ae57","_search":{"_searchTagIds":[]},"_courseAttainment":{"_isEnabled":false},"_animations":{"_right":{"_easing":"default","_delay":0,"_scaleIn":{"_from":50,"_isEnabled":false},"_fadeIn":{"_from":0,"_isEnabled":false},"_slideInY":{"_from":50,"_isReverseDirection":false,"_isEnabled":false},"_slideInX":{"_from":50,"_isReverseDirection":false,"_isEnabled":false},"_isEnabled":false},"_left":{"_easing":"default","_delay":0,"_scaleIn":{"_from":50,"_isEnabled":false},"_fadeIn":{"_from":0,"_isEnabled":false},"_slideInY":{"_from":50,"_isReverseDirection":false,"_isEnabled":false},"_slideInX":{"_from":50,"_isReverseDirection":false,"_isEnabled":false},"_isEnabled":false},"_full":{"_easing":"default","_delay":0,"_scaleIn":{"_from":50,"_isEnabled":false},"_fadeIn":{"_from":0,"_isEnabled":false},"_slideInY":{"_from":50,"_isReverseDirection":false,"_isEnabled":false},"_slideInX":{"_from":50,"_isReverseDirection":false,"_isEnabled":false},"_isEnabled":false}},"_componentsVerticalAlignment":"center","_singleWidthIsCentered":true,"_singleWidthComponentLayout":"default","_classes":"","title":"New Block Title","_evolveTags":[],"_updatedAt":"2020-10-30T14:19:57.434Z","_createdAt":"2020-10-30T08:49:44.649Z","_type":"block","_isSnapShot":false,"_isHidden":false,"_isEnabled":true,"_courseOrder":"4-10-0","_childrenIds":["5f9bd3af1e6b8526fbc17bbe","5f9bd3be1e6b8526fbc17bc2"]},{"_id":"5f9bd3d91e6b8526fbc17bc6","_sortOrder":1,"_parentId":"5f9bc7741e6b8526fbc17b67","_courseId":"5f4cdba4bc8f9d107854ffe0","_createdBy":"5dcd26e142786d38a8a6ae57","__v":0,"_refId":"5f9bd3d91e6b8526fbc17bc6","_search":{"_searchTagIds":[]},"_courseAttainment":{"_isEnabled":false},"_animations":{"_right":{"_easing":"default","_delay":0,"_scaleIn":{"_from":50,"_isEnabled":false},"_fadeIn":{"_from":0,"_isEnabled":false},"_slideInY":{"_from":50,"_isReverseDirection":false,"_isEnabled":false},"_slideInX":{"_from":50,"_isReverseDirection":false,"_isEnabled":false},"_isEnabled":false},"_left":{"_easing":"default","_delay":0,"_scaleIn":{"_from":50,"_isEnabled":false},"_fadeIn":{"_from":0,"_isEnabled":false},"_slideInY":{"_from":50,"_isReverseDirection":false,"_isEnabled":false},"_slideInX":{"_from":50,"_isReverseDirection":false,"_isEnabled":false},"_isEnabled":false},"_full":{"_easing":"default","_delay":0,"_scaleIn":{"_from":50,"_isEnabled":false},"_fadeIn":{"_from":0,"_isEnabled":false},"_slideInY":{"_from":50,"_isReverseDirection":false,"_isEnabled":false},"_slideInX":{"_from":50,"_isReverseDirection":false,"_isEnabled":false},"_isEnabled":false}},"_componentsVerticalAlignment":"top","_singleWidthIsCentered":true,"_singleWidthComponentLayout":"default","_classes":"","title":"New Block Title","_evolveTags":[],"_updatedAt":"2020-10-30T08:50:33.681Z","_createdAt":"2020-10-30T08:50:33.681Z","_type":"block","_isSnapShot":false,"_isHidden":false,"_isEnabled":true,"_courseOrder":"4-10-1","_childrenIds":["5f9bd3df1e6b8526fbc17bc8"]},{"_id":"5f9bd4ca1e6b8526fbc17bd0","_courseId":"5f4cdba4bc8f9d107854ffe0","_parentId":"5f9bd4ca1e6b8526fbc17bcf","_sortOrder":0,"_createdBy":"5dcd26e142786d38a8a6ae57","__v":0,"_refId":"5f9bd4ca1e6b8526fbc17bd0","body":"<p><span class=\"ev-icon ev-icon-heart fr-deletable ev-inline-icon\"><strong><span style=\"font-size: 16px;\">&nbsp;</span></strong></span><strong><span style=\"font-size: 16px;\">&nbsp;Klicke auf Sandra, um Dir das Audio anzuh&ouml;ren.</span></strong></p>","_updatedBy":"5dcd26e142786d38a8a6ae57","_search":{"_searchTagIds":[]},"_courseAttainment":{"_isEnabled":false},"_animations":{"_right":{"_easing":"default","_delay":0,"_scaleIn":{"_from":50,"_isEnabled":false},"_fadeIn":{"_from":0,"_isEnabled":false},"_slideInY":{"_from":50,"_isReverseDirection":false,"_isEnabled":false},"_slideInX":{"_from":50,"_isReverseDirection":false,"_isEnabled":false},"_isEnabled":false},"_left":{"_easing":"default","_delay":0,"_scaleIn":{"_from":50,"_isEnabled":false},"_fadeIn":{"_from":0,"_isEnabled":false},"_slideInY":{"_from":50,"_isReverseDirection":false,"_isEnabled":false},"_slideInX":{"_from":50,"_isReverseDirection":false,"_isEnabled":false},"_isEnabled":false},"_full":{"_easing":"default","_delay":0,"_scaleIn":{"_from":50,"_isEnabled":false},"_fadeIn":{"_from":0,"_isEnabled":false},"_slideInY":{"_from":50,"_isReverseDirection":false,"_isEnabled":false},"_slideInX":{"_from":50,"_isReverseDirection":false,"_isEnabled":false},"_isEnabled":false}},"_componentsVerticalAlignment":"center","_singleWidthIsCentered":true,"_singleWidthComponentLayout":"two-thirds-right","_classes":"","title":"New Block Title","_evolveTags":[],"_updatedAt":"2020-10-30T14:21:45.926Z","_createdAt":"2020-10-30T08:54:34.285Z","_type":"block","_isSnapShot":false,"_isHidden":false,"_isEnabled":true,"_courseOrder":"4-11-0","_childrenIds":["5f9bd4fc1e6b8526fbc17bd3","5f9c213a1e6b8526fbc17d2d"]}]
