[{"_id":"5f7c12ed0aa7fc4a15963ea7","_courseId":"5f4cdba4bc8f9d107854ffe0","_parentId":"5f4cdba4bc8f9d107854ffe0","_sortOrder":0,"_createdBy":"5dcd26e142786d38a8a6ae57","__v":0,"_refId":"5f7c12ed0aa7fc4a15963ea7","_updatedBy":"5dcd26e142786d38a8a6ae57","displayTitle":"___","description":"<p style=\"text-align: center;\">Dieses Kapitel wir in der finalen Men&uuml; Version nicht sichtbar sein.</p>","duration":"X Minuten","_swipeMenu":{"prevButtonAriaLabel":"Previous","nextButtonAriaLabel":"Next","_shouldShowProgressBarsOnMenus":true,"_mobileBackgroundImage":{"_repeat":false,"_fixed":false,"_position":"center","_size":"cover"},"_backgroundImage":{"_repeat":false,"_fixed":false,"_position":"center","_size":"cover"},"_headerGraphic":{"_offset":{"_left":"0","_top":"0"},"_position":"bottom-right","_isFloatingGraphic":false,"_hideOnMobile":false,"_isOverridingTheme":false},"_heroImage":{"_graphic":{"srcAdvanced":{"_setImagePerDeviceSize":false}},"_contentWidth":70,"layout":"center"},"_shouldHideDisabledControl":false,"_shouldShowControlsOnHover":false,"_shouldAlwaysShowItems":false,"_shouldShowControlsOnBottom":false,"_shouldDisableItemScaling":false,"_shouldDisableDetailOnHover":false,"_hoverGraphic":{"srcAdvanced":{"_setImagePerDeviceSize":false}},"_graphic":{"srcAdvanced":{"_setImagePerDeviceSize":false}}},"_standardMenu":{"_shouldShowIconOnMenuItems":true,"_shouldShowProgressBarsOnMenus":true,"_mobileBackgroundImage":{"_repeat":false,"_fixed":false,"_position":"center","_size":"cover"},"_backgroundImage":{"_repeat":false,"_fixed":false,"_position":"center","_size":"cover"},"_headerGraphic":{"_offset":{"_left":"0","_top":"0"},"_position":"bottom-right","_isFloatingGraphic":false,"_hideOnMobile":false,"_isOverridingTheme":false},"_heroImage":{"_graphic":{"srcAdvanced":{"_setImagePerDeviceSize":false}},"_contentWidth":70,"layout":"center"}},"_playlistMenu":{"_heroImage":{"_floatingGraphic":{"_hideOnMobile":false,"_offset":{"_left":"0","_top":"0"},"_position":"bottom-right"},"_graphic":{"srcAdvanced":{"_setImagePerDeviceSize":false}},"_contentWidth":70,"layout":"center"},"_mobileBackgroundImage":{"_repeat":false,"_fixed":false,"_position":"center","_size":"cover"},"_desktopBackgroundImage":{"_repeat":false,"_fixed":false,"_position":"center","_size":"cover"},"_backgroundImage":{"srcAdvanced":{"_setImagePerDeviceSize":false}},"_graphic":{"srcAdvanced":{"_setImagePerDeviceSize":false}}},"_mapMenu":{"_shouldShowTitleBar":true,"_pointerWidth":0,"_menuScrollableContainerMaxWidth":1024,"_menuImageWidth":1024,"_defaultPointerWidth":0,"_position":{"_top":50,"_left":50}},"_coverMenu":{"homeButtonAriaLabel":"Home","prevButtonAriaLabel":"Previous","nextButtonAriaLabel":"Next","_shouldShowProgressBarsOnMenus":true,"_coverButtonText":"View","srcAdvanced":{"_setImagePerDeviceSize":false}},"_boxMenu":{"itemCompletionText":"Complete","_isVerticalItemLayout":false,"_showCompletionStatusInFooter":false,"_showCompletionStatusOnMenus":false,"_shouldShowProgressBarsOnMenus":true,"_itemsPerRowMedium":2,"_itemsPerRowLarge":2,"_mobileBackgroundImage":{"_repeat":false,"_fixed":false,"_position":"center","_size":"cover"},"_backgroundImage":{"_repeat":false,"_fixed":false,"_position":"center","_size":"cover"},"_headerGraphic":{"_offset":{"_left":"0","_top":"0"},"_position":"bottom-right","_isFloatingGraphic":false,"_hideOnMobile":false,"_isOverridingTheme":false},"_heroImage":{"_graphic":{"srcAdvanced":{"_setImagePerDeviceSize":false}},"_contentWidth":70,"layout":"center"},"srcAdvanced":{"_setImagePerDeviceSize":false},"src":{"_id":"5f7c8e280aa7fc4a15963fe5","_extension":"png","_type":"image"}},"_search":{"_searchTagIds":[]},"_courseAssessment":{"_isAssessmentPage":false},"_contentLocking":{"_requiredAmount":0,"_requiredCompleteIds":[],"_shouldDisableNotifyOnUnlock":false,"_lockingType":"contentObject","_isEnabled":false},"_mobileBackgroundImage":{"_repeat":false,"_fixed":false,"_position":"center","_size":"cover"},"_backgroundImage":{"_repeat":false,"_fixed":false,"_position":"center","_size":"cover"},"_heroImage":{"title":"HERZLICH WILLKOMMEN!","body":"<p style=\"text-align: center; line-height: 1;\">___</p>","_floatingGraphic":{"_hideOnMobile":false,"_offset":{"_left":"0","_top":"0"},"_position":"bottom-right"},"_graphic":{"srcAdvanced":{"_setImagePerDeviceSize":false},"src":{"_id":"5f7c2e000aa7fc4a15963f44","_extension":"png","_type":"image"}},"_contentWidth":70,"layout":"center","_isEnabled":true},"_completionComponentIds":["5f7c13220aa7fc4a15963eae","5f7c131e0aa7fc4a15963eac"],"_pageCompletionMethod":"selectedComponents","_hidePageHeader":true,"_categories":[],"durationLabel":"Dauer:","isLinkIconRightPosition":false,"linkText":"Start","_graphic":{"_offset":{"_left":"0","_top":"0"},"_position":"bottom-right","_isFloatingGraphic":false,"_hideOnMobile":false,"_isOverridingTheme":false},"_displayTitleSettings":{"_textAlign":"left","_fontSize":""},"title":"Intro","_evolveTags":[],"_updatedAt":"2020-12-17T11:32:11.012Z","_createdAt":"2020-10-06T06:47:09.312Z","_type":"page","_isSnapShot":false,"_isHidden":false,"_isEnabled":true,"_courseOrder":"0","_descendantComponentIds":["5fd088eef7a3703423f9e785","5fca456439ddb2730f177369","5f7c131e0aa7fc4a15963eac","5f7c13220aa7fc4a15963eae","5fa52cc22680c80524507f71","5fa52ca42680c80524507f6b","5fa52cbc2680c80524507f6d","5fd722e3afd19c4b38521ad5","5fa52dad2680c80524507f84","5fa52d2d2680c80524507f79","5fa52d322680c80524507f7b","5fd370273e273d087fd8aa55","5fd36fe73e273d087fd8aa52","5fa3caf81cff676492263a4b"],"_childrenIds":["5f7c12ed0aa7fc4a15963ea8"]},{"_id":"5f7c12280aa7fc4a15963e91","_courseId":"5f4cdba4bc8f9d107854ffe0","_parentId":"5f4cdba4bc8f9d107854ffe0","_sortOrder":1,"_createdBy":"5dcd26e142786d38a8a6ae57","__v":0,"_refId":"5f7c12280aa7fc4a15963e91","displayTitle":"___","_updatedBy":"5dcd26e142786d38a8a6ae57","description":"<p style=\"text-align: center;\">Was bedeutet Talent Management f&uuml;r mich als F&uuml;hrungskraft?</p>","duration":"4 Minuten","_swipeMenu":{"prevButtonAriaLabel":"Previous","nextButtonAriaLabel":"Next","_shouldShowProgressBarsOnMenus":true,"_mobileBackgroundImage":{"_repeat":false,"_fixed":false,"_position":"center","_size":"cover"},"_backgroundImage":{"_repeat":false,"_fixed":false,"_position":"center","_size":"cover"},"_headerGraphic":{"_offset":{"_left":"0","_top":"0"},"_position":"bottom-right","_isFloatingGraphic":false,"_hideOnMobile":false,"_isOverridingTheme":false},"_heroImage":{"_graphic":{"srcAdvanced":{"_setImagePerDeviceSize":false}},"_contentWidth":70,"layout":"center"},"_shouldHideDisabledControl":false,"_shouldShowControlsOnHover":false,"_shouldAlwaysShowItems":false,"_shouldShowControlsOnBottom":false,"_shouldDisableItemScaling":false,"_shouldDisableDetailOnHover":false,"_hoverGraphic":{"srcAdvanced":{"_setImagePerDeviceSize":false}},"_graphic":{"srcAdvanced":{"_setImagePerDeviceSize":false}}},"_standardMenu":{"_shouldShowIconOnMenuItems":true,"_shouldShowProgressBarsOnMenus":true,"_mobileBackgroundImage":{"_repeat":false,"_fixed":false,"_position":"center","_size":"cover"},"_backgroundImage":{"_repeat":false,"_fixed":false,"_position":"center","_size":"cover"},"_headerGraphic":{"_offset":{"_left":"0","_top":"0"},"_position":"bottom-right","_isFloatingGraphic":false,"_hideOnMobile":false,"_isOverridingTheme":false},"_heroImage":{"_graphic":{"srcAdvanced":{"_setImagePerDeviceSize":false}},"_contentWidth":70,"layout":"center"}},"_playlistMenu":{"_heroImage":{"_floatingGraphic":{"_hideOnMobile":false,"_offset":{"_left":"0","_top":"0"},"_position":"bottom-right"},"_graphic":{"srcAdvanced":{"_setImagePerDeviceSize":false}},"_contentWidth":70,"layout":"center"},"_mobileBackgroundImage":{"_repeat":false,"_fixed":false,"_position":"center","_size":"cover"},"_desktopBackgroundImage":{"_repeat":false,"_fixed":false,"_position":"center","_size":"cover"},"_backgroundImage":{"srcAdvanced":{"_setImagePerDeviceSize":false}},"_graphic":{"srcAdvanced":{"_setImagePerDeviceSize":false}}},"_mapMenu":{"_shouldShowTitleBar":true,"_pointerWidth":0,"_menuScrollableContainerMaxWidth":1024,"_menuImageWidth":1024,"_defaultPointerWidth":0,"_position":{"_top":50,"_left":50}},"_coverMenu":{"homeButtonAriaLabel":"Home","prevButtonAriaLabel":"Previous","nextButtonAriaLabel":"Next","_shouldShowProgressBarsOnMenus":true,"_coverButtonText":"View","srcAdvanced":{"_setImagePerDeviceSize":false}},"_boxMenu":{"itemCompletionText":"Complete","_isVerticalItemLayout":false,"_showCompletionStatusInFooter":false,"_showCompletionStatusOnMenus":false,"_shouldShowProgressBarsOnMenus":true,"_itemsPerRowMedium":2,"_itemsPerRowLarge":2,"_mobileBackgroundImage":{"_repeat":false,"_fixed":false,"_position":"center","_size":"cover"},"_backgroundImage":{"_repeat":false,"_fixed":false,"_position":"center","_size":"cover"},"_headerGraphic":{"_offset":{"_left":"0","_top":"0"},"_position":"bottom-right","_isFloatingGraphic":false,"_hideOnMobile":false,"_isOverridingTheme":false},"_heroImage":{"_graphic":{"srcAdvanced":{"_setImagePerDeviceSize":false}},"_contentWidth":70,"layout":"center"},"srcAdvanced":{"small":{"_type":"image","_extension":"png","_id":"5fdb43353901ce56bd323cb8"},"large":{"_id":"5fdb43353901ce56bd323cb8","_extension":"png","_type":"image"},"extraLarge":{"_id":"5f9bd5db1e6b8526fbc17c04","_extension":"png","_type":"image"},"_setImagePerDeviceSize":true},"src":null},"_search":{"_searchTagIds":[]},"_courseAssessment":{"_isAssessmentPage":false},"_contentLocking":{"_requiredAmount":0,"_requiredCompleteIds":[],"_shouldDisableNotifyOnUnlock":false,"_lockingType":"contentObject","_isEnabled":false},"_mobileBackgroundImage":{"_repeat":false,"_fixed":false,"_position":"center","_size":"cover"},"_backgroundImage":{"_repeat":false,"_fixed":false,"_position":"center","_size":"cover"},"_heroImage":{"title":"RAHMENBEDINGUNGEN","body":"<p style=\"text-align: center; line-height: 1;\">___</p>","_floatingGraphic":{"_hideOnMobile":false,"_offset":{"_left":"0","_top":"0"},"_position":"bottom-right"},"_graphic":{"srcAdvanced":{"_setImagePerDeviceSize":false},"src":{"_type":"image","_extension":"png","_id":"5f7c2e000aa7fc4a15963f44"}},"_contentWidth":70,"layout":"center","_isEnabled":true},"_completionComponentIds":["5fb67c7f202f617aaa4e1a4d","5f7c1db50aa7fc4a15963f35","5f7c1b1d0aa7fc4a15963f0d","5f7c19bd0aa7fc4a15963ee6","5f993d9b20cf245183449364","5f7c19f40aa7fc4a15963ef0","5f993d2e20cf24518344935a","5f7c19620aa7fc4a15963edf"],"_pageCompletionMethod":"selectedComponents","_hidePageHeader":true,"_categories":[],"durationLabel":"Dauer:","isLinkIconRightPosition":true,"linkText":"Start","_graphic":{"_offset":{"_left":"0","_top":"0"},"_position":"bottom-right","_isFloatingGraphic":true,"_hideOnMobile":false,"_isOverridingTheme":false,"src":null},"title":"RAHMENBEDINGUNGEN","_evolveTags":[],"_updatedAt":"2020-12-17T11:38:45.724Z","_createdAt":"2020-10-06T06:43:52.697Z","_type":"page","_isSnapShot":false,"_isHidden":true,"_isEnabled":true,"_courseOrder":"1","_descendantComponentIds":["5f7c19620aa7fc4a15963edf","5f9c10861e6b8526fbc17ca9","5fd786d9afd19c4b38521bc7","5f7c19f40aa7fc4a15963ef0","5f7dce827b1ca4199e034b7c","5f993d2e20cf24518344935a","5f993d6820cf24518344935f","5f993d9b20cf245183449364","5f7c1b350aa7fc4a15963f14","5f9c10ce1e6b8526fbc17caf","5f7c1b1d0aa7fc4a15963f0d","5f7c1b8f0aa7fc4a15963f18","5f7c1bc60aa7fc4a15963f20","5fb67c7f202f617aaa4e1a4d","5f99796520cf245183449398","5f9c11271e6b8526fbc17cb3","5f7c1db50aa7fc4a15963f35"],"_childrenIds":["5f7c12280aa7fc4a15963e92","5f7c19d80aa7fc4a15963eec","5f9fc4f533df1b745ebc52a6","5f7c1b050aa7fc4a15963f09","5f7c1b980aa7fc4a15963f1a","5f7c1d3d0aa7fc4a15963f31"]},{"_id":"5f7c123f0aa7fc4a15963e96","_courseId":"5f4cdba4bc8f9d107854ffe0","_parentId":"5f4cdba4bc8f9d107854ffe0","_sortOrder":2,"_createdBy":"5dcd26e142786d38a8a6ae57","__v":0,"_refId":"5f7c123f0aa7fc4a15963e96","_updatedBy":"5dcd26e142786d38a8a6ae57","displayTitle":"___","description":"<p style=\"text-align: center;\">Wie bereite ich mich als F&uuml;hrungskraft auf die Potenzialbesprechung vor?</p>","duration":"4 Minuten","_swipeMenu":{"prevButtonAriaLabel":"Previous","nextButtonAriaLabel":"Next","_shouldShowProgressBarsOnMenus":true,"_mobileBackgroundImage":{"_repeat":false,"_fixed":false,"_position":"center","_size":"cover"},"_backgroundImage":{"_repeat":false,"_fixed":false,"_position":"center","_size":"cover"},"_headerGraphic":{"_offset":{"_left":"0","_top":"0"},"_position":"bottom-right","_isFloatingGraphic":false,"_hideOnMobile":false,"_isOverridingTheme":false},"_heroImage":{"_graphic":{"srcAdvanced":{"_setImagePerDeviceSize":false}},"_contentWidth":70,"layout":"center"},"_shouldHideDisabledControl":false,"_shouldShowControlsOnHover":false,"_shouldAlwaysShowItems":false,"_shouldShowControlsOnBottom":false,"_shouldDisableItemScaling":false,"_shouldDisableDetailOnHover":false,"_hoverGraphic":{"srcAdvanced":{"_setImagePerDeviceSize":false}},"_graphic":{"srcAdvanced":{"_setImagePerDeviceSize":false}}},"_standardMenu":{"_shouldShowIconOnMenuItems":true,"_shouldShowProgressBarsOnMenus":true,"_mobileBackgroundImage":{"_repeat":false,"_fixed":false,"_position":"center","_size":"cover"},"_backgroundImage":{"_repeat":false,"_fixed":false,"_position":"center","_size":"cover"},"_headerGraphic":{"_offset":{"_left":"0","_top":"0"},"_position":"bottom-right","_isFloatingGraphic":false,"_hideOnMobile":false,"_isOverridingTheme":false},"_heroImage":{"_graphic":{"srcAdvanced":{"_setImagePerDeviceSize":false}},"_contentWidth":70,"layout":"center"}},"_playlistMenu":{"_heroImage":{"_floatingGraphic":{"_hideOnMobile":false,"_offset":{"_left":"0","_top":"0"},"_position":"bottom-right"},"_graphic":{"srcAdvanced":{"_setImagePerDeviceSize":false}},"_contentWidth":70,"layout":"center"},"_mobileBackgroundImage":{"_repeat":false,"_fixed":false,"_position":"center","_size":"cover"},"_desktopBackgroundImage":{"_repeat":false,"_fixed":false,"_position":"center","_size":"cover"},"_backgroundImage":{"srcAdvanced":{"_setImagePerDeviceSize":false}},"_graphic":{"srcAdvanced":{"_setImagePerDeviceSize":false}}},"_mapMenu":{"_shouldShowTitleBar":true,"_pointerWidth":0,"_menuScrollableContainerMaxWidth":1024,"_menuImageWidth":1024,"_defaultPointerWidth":0,"_position":{"_top":50,"_left":50}},"_coverMenu":{"homeButtonAriaLabel":"Home","prevButtonAriaLabel":"Previous","nextButtonAriaLabel":"Next","_shouldShowProgressBarsOnMenus":true,"_coverButtonText":"View","srcAdvanced":{"_setImagePerDeviceSize":false}},"_boxMenu":{"itemCompletionText":"Complete","_isVerticalItemLayout":false,"_showCompletionStatusInFooter":false,"_showCompletionStatusOnMenus":false,"_shouldShowProgressBarsOnMenus":true,"_itemsPerRowMedium":2,"_itemsPerRowLarge":2,"_mobileBackgroundImage":{"_repeat":false,"_fixed":false,"_position":"center","_size":"cover"},"_backgroundImage":{"_repeat":false,"_fixed":false,"_position":"center","_size":"cover"},"_headerGraphic":{"_offset":{"_left":"0","_top":"0"},"_position":"bottom-right","_isFloatingGraphic":false,"_hideOnMobile":false,"_isOverridingTheme":false},"_heroImage":{"_graphic":{"srcAdvanced":{"_setImagePerDeviceSize":false}},"_contentWidth":70,"layout":"center"},"srcAdvanced":{"small":{"_type":"image","_extension":"png","_id":"5fdb43353901ce56bd323cb9"},"large":{"_id":"5fdb43353901ce56bd323cb9","_extension":"png","_type":"image"},"extraLarge":{"_id":"5f9bd5dd1e6b8526fbc17c11","_extension":"png","_type":"image"},"_setImagePerDeviceSize":true},"src":null},"_search":{"_searchTagIds":[]},"_courseAssessment":{"_isAssessmentPage":false},"_contentLocking":{"_requiredAmount":0,"_requiredCompleteIds":[],"_shouldDisableNotifyOnUnlock":false,"_lockingType":"contentObject","_isEnabled":false},"_mobileBackgroundImage":{"_repeat":false,"_fixed":false,"_position":"center","_size":"cover"},"_backgroundImage":{"_repeat":false,"_fixed":false,"_position":"center","_size":"cover"},"_heroImage":{"title":"VORBEREITUNG","body":"<p style=\"text-align: center; line-height: 1;\">___</p>","_floatingGraphic":{"_hideOnMobile":false,"_offset":{"_left":"0","_top":"0"},"_position":"bottom-right"},"_graphic":{"srcAdvanced":{"_setImagePerDeviceSize":false},"src":{"_type":"image","_extension":"png","_id":"5f7c2dff0aa7fc4a15963f43"}},"_contentWidth":70,"layout":"center","_isEnabled":true},"_completionComponentIds":["5fa2e450e885a441ebec9299","5f9a8dfa20cf245183449472","5f997aab20cf2451834493a2","5f997b7020cf2451834493ab","5f9a8be820cf24518344945a"],"_pageCompletionMethod":"selectedComponents","_hidePageHeader":true,"_categories":[],"durationLabel":"Dauer:","isLinkIconRightPosition":false,"linkText":"Start","_graphic":{"_offset":{"_left":"0","_top":"0"},"_position":"bottom-right","_isFloatingGraphic":false,"_hideOnMobile":false,"_isOverridingTheme":false},"title":"VORBEREITUNG","_evolveTags":[],"_updatedAt":"2020-12-17T11:39:25.525Z","_createdAt":"2020-10-06T06:44:15.033Z","_type":"page","_isSnapShot":false,"_isHidden":true,"_isEnabled":true,"_courseOrder":"2","_descendantComponentIds":["5f997aab20cf2451834493a2","5fca4a1f39ddb2730f177396","5f997b7020cf2451834493ab","5f9a894220cf24518344942d","5f9c119f1e6b8526fbc17cbd","5fc5f441e266be78c5952bb4","5fa2e450e885a441ebec9299","5fa2e456e885a441ebec929b","5f9a8bba20cf245183449453","5f9c13671e6b8526fbc17cc8","5f9a8be820cf24518344945a","5f9a8dfa20cf245183449472","5f9a8dfd20cf245183449474","5f9a8fb320cf24518344949c","5f9a8fb820cf24518344949e"],"_childrenIds":["5f7c123f0aa7fc4a15963e97","5f997aeb20cf2451834493a6","5f9a893420cf24518344942a","5f9fc94733df1b745ebc52d0","5f9fc58d33df1b745ebc52ae","5f9fc5a333df1b745ebc52b3","5f9a8f7820cf245183449498"]},{"_id":"5f7c12540aa7fc4a15963e9b","_courseId":"5f4cdba4bc8f9d107854ffe0","_parentId":"5f4cdba4bc8f9d107854ffe0","_sortOrder":3,"_createdBy":"5dcd26e142786d38a8a6ae57","__v":0,"_refId":"5f7c12540aa7fc4a15963e9b","_updatedBy":"5dcd26e142786d38a8a6ae57","displayTitle":"___","description":"<p style=\"text-align: center;\">Wie f&uuml;hre ich Potenzialbesprechungen durch?</p>","duration":"5 Minuten","_swipeMenu":{"prevButtonAriaLabel":"Previous","nextButtonAriaLabel":"Next","_shouldShowProgressBarsOnMenus":true,"_mobileBackgroundImage":{"_repeat":false,"_fixed":false,"_position":"center","_size":"cover"},"_backgroundImage":{"_repeat":false,"_fixed":false,"_position":"center","_size":"cover"},"_headerGraphic":{"_offset":{"_left":"0","_top":"0"},"_position":"bottom-right","_isFloatingGraphic":false,"_hideOnMobile":false,"_isOverridingTheme":false},"_heroImage":{"_graphic":{"srcAdvanced":{"_setImagePerDeviceSize":false}},"_contentWidth":70,"layout":"center"},"_shouldHideDisabledControl":false,"_shouldShowControlsOnHover":false,"_shouldAlwaysShowItems":false,"_shouldShowControlsOnBottom":false,"_shouldDisableItemScaling":false,"_shouldDisableDetailOnHover":false,"_hoverGraphic":{"srcAdvanced":{"_setImagePerDeviceSize":false}},"_graphic":{"srcAdvanced":{"_setImagePerDeviceSize":false}}},"_standardMenu":{"_shouldShowIconOnMenuItems":true,"_shouldShowProgressBarsOnMenus":true,"_mobileBackgroundImage":{"_repeat":false,"_fixed":false,"_position":"center","_size":"cover"},"_backgroundImage":{"_repeat":false,"_fixed":false,"_position":"center","_size":"cover"},"_headerGraphic":{"_offset":{"_left":"0","_top":"0"},"_position":"bottom-right","_isFloatingGraphic":false,"_hideOnMobile":false,"_isOverridingTheme":false},"_heroImage":{"_graphic":{"srcAdvanced":{"_setImagePerDeviceSize":false}},"_contentWidth":70,"layout":"center"}},"_playlistMenu":{"_heroImage":{"_floatingGraphic":{"_hideOnMobile":false,"_offset":{"_left":"0","_top":"0"},"_position":"bottom-right"},"_graphic":{"srcAdvanced":{"_setImagePerDeviceSize":false}},"_contentWidth":70,"layout":"center"},"_mobileBackgroundImage":{"_repeat":false,"_fixed":false,"_position":"center","_size":"cover"},"_desktopBackgroundImage":{"_repeat":false,"_fixed":false,"_position":"center","_size":"cover"},"_backgroundImage":{"srcAdvanced":{"_setImagePerDeviceSize":false}},"_graphic":{"srcAdvanced":{"_setImagePerDeviceSize":false}}},"_mapMenu":{"_shouldShowTitleBar":true,"_pointerWidth":0,"_menuScrollableContainerMaxWidth":1024,"_menuImageWidth":1024,"_defaultPointerWidth":0,"_position":{"_top":50,"_left":50}},"_coverMenu":{"homeButtonAriaLabel":"Home","prevButtonAriaLabel":"Previous","nextButtonAriaLabel":"Next","_shouldShowProgressBarsOnMenus":true,"_coverButtonText":"View","srcAdvanced":{"_setImagePerDeviceSize":false}},"_boxMenu":{"itemCompletionText":"Complete","_isVerticalItemLayout":false,"_showCompletionStatusInFooter":false,"_showCompletionStatusOnMenus":false,"_shouldShowProgressBarsOnMenus":true,"_itemsPerRowMedium":2,"_itemsPerRowLarge":2,"_mobileBackgroundImage":{"_repeat":false,"_fixed":false,"_position":"center","_size":"cover"},"_backgroundImage":{"_repeat":false,"_fixed":false,"_position":"center","_size":"cover"},"_headerGraphic":{"_offset":{"_left":"0","_top":"0"},"_position":"bottom-right","_isFloatingGraphic":false,"_hideOnMobile":false,"_isOverridingTheme":false},"_heroImage":{"_graphic":{"srcAdvanced":{"_setImagePerDeviceSize":false}},"_contentWidth":70,"layout":"center"},"srcAdvanced":{"small":{"_type":"image","_extension":"png","_id":"5fdb43353901ce56bd323cb7"},"large":{"_id":"5fdb43353901ce56bd323cb7","_extension":"png","_type":"image"},"extraLarge":{"_id":"5f9bd5da1e6b8526fbc17c02","_extension":"png","_type":"image"},"_setImagePerDeviceSize":true},"src":null},"_search":{"_searchTagIds":[]},"_courseAssessment":{"_isAssessmentPage":false},"_contentLocking":{"_requiredAmount":0,"_requiredCompleteIds":[],"_shouldDisableNotifyOnUnlock":false,"_lockingType":"contentObject","_isEnabled":false},"_mobileBackgroundImage":{"_repeat":false,"_fixed":false,"_position":"center","_size":"cover"},"_backgroundImage":{"_repeat":false,"_fixed":false,"_position":"center","_size":"cover"},"_heroImage":{"body":"<p style=\"text-align: center; line-height: 1;\">___</p>","title":"POTENZIALBESPRECHUNG","_floatingGraphic":{"_hideOnMobile":false,"_offset":{"_left":"0","_top":"0"},"_position":"bottom-right"},"_graphic":{"srcAdvanced":{"_setImagePerDeviceSize":false},"src":{"_type":"image","_extension":"png","_id":"5f7c2dff0aa7fc4a15963f43"}},"_contentWidth":70,"layout":"center","_isEnabled":true},"_completionComponentIds":["5fb39f989265ec4e86a85bfc","5fa3e5f41cff676492263aa8","5fa3e6871cff676492263aad","5f9a90e420cf2451834494b6","5f9a923f20cf2451834494d0","5f9ac88120cf2451834495bb","5f9a92a320cf2451834494d8","5fb677a5202f617aaa4e1a15"],"_pageCompletionMethod":"selectedComponents","_hidePageHeader":true,"_categories":[],"durationLabel":"Dauer:","isLinkIconRightPosition":false,"linkText":"Start        ","_graphic":{"_offset":{"_left":"0","_top":"0"},"_position":"bottom-right","_isFloatingGraphic":false,"_hideOnMobile":false,"_isOverridingTheme":false},"title":"POTENZIALBESPRECHUNG","_evolveTags":[],"_updatedAt":"2020-12-17T11:40:15.074Z","_createdAt":"2020-10-06T06:44:36.661Z","_type":"page","_isSnapShot":false,"_isHidden":true,"_isEnabled":true,"_courseOrder":"3","_descendantComponentIds":["5f9a90e420cf2451834494b6","5f9a90ea20cf2451834494b8","5f9a923f20cf2451834494d0","5f9a92bb20cf2451834494dc","5f9c13cb1e6b8526fbc17cd2","5f9a92a320cf2451834494d8","5fb677a5202f617aaa4e1a15","5fb6779f202f617aaa4e1a13","5fb39f989265ec4e86a85bfc","5f9ac88120cf2451834495bb"],"_childrenIds":["5f7c12540aa7fc4a15963e9c","5f9a927d20cf2451834494d4","5f9c1c881e6b8526fbc17cff","5f9ac6be20cf2451834495a7"]},{"_id":"5f7c126b0aa7fc4a15963ea0","_courseId":"5f4cdba4bc8f9d107854ffe0","_parentId":"5f4cdba4bc8f9d107854ffe0","_sortOrder":4,"_createdBy":"5dcd26e142786d38a8a6ae57","__v":0,"_refId":"5f7c126b0aa7fc4a15963ea0","_updatedBy":"5dcd26e142786d38a8a6ae57","displayTitle":"___","description":"<p style=\"text-align: center;\">Wie verlaufen Feedback- und Entwicklungsgespr&auml;che mit meinen Mitarbeitern?</p>","duration":"6 Minuten","_swipeMenu":{"prevButtonAriaLabel":"Previous","nextButtonAriaLabel":"Next","_shouldShowProgressBarsOnMenus":true,"_mobileBackgroundImage":{"_repeat":false,"_fixed":false,"_position":"center","_size":"cover"},"_backgroundImage":{"_repeat":false,"_fixed":false,"_position":"center","_size":"cover"},"_headerGraphic":{"_offset":{"_left":"0","_top":"0"},"_position":"bottom-right","_isFloatingGraphic":false,"_hideOnMobile":false,"_isOverridingTheme":false},"_heroImage":{"_graphic":{"srcAdvanced":{"_setImagePerDeviceSize":false}},"_contentWidth":70,"layout":"center"},"_shouldHideDisabledControl":false,"_shouldShowControlsOnHover":false,"_shouldAlwaysShowItems":false,"_shouldShowControlsOnBottom":false,"_shouldDisableItemScaling":false,"_shouldDisableDetailOnHover":false,"_hoverGraphic":{"srcAdvanced":{"_setImagePerDeviceSize":false}},"_graphic":{"srcAdvanced":{"_setImagePerDeviceSize":false}}},"_standardMenu":{"_shouldShowIconOnMenuItems":true,"_shouldShowProgressBarsOnMenus":true,"_mobileBackgroundImage":{"_repeat":false,"_fixed":false,"_position":"center","_size":"cover"},"_backgroundImage":{"_repeat":false,"_fixed":false,"_position":"center","_size":"cover"},"_headerGraphic":{"_offset":{"_left":"0","_top":"0"},"_position":"bottom-right","_isFloatingGraphic":false,"_hideOnMobile":false,"_isOverridingTheme":false},"_heroImage":{"_graphic":{"srcAdvanced":{"_setImagePerDeviceSize":false}},"_contentWidth":70,"layout":"center"}},"_playlistMenu":{"_heroImage":{"_floatingGraphic":{"_hideOnMobile":false,"_offset":{"_left":"0","_top":"0"},"_position":"bottom-right"},"_graphic":{"srcAdvanced":{"_setImagePerDeviceSize":false}},"_contentWidth":70,"layout":"center"},"_mobileBackgroundImage":{"_repeat":false,"_fixed":false,"_position":"center","_size":"cover"},"_desktopBackgroundImage":{"_repeat":false,"_fixed":false,"_position":"center","_size":"cover"},"_backgroundImage":{"srcAdvanced":{"_setImagePerDeviceSize":false}},"_graphic":{"srcAdvanced":{"_setImagePerDeviceSize":false}}},"_mapMenu":{"_shouldShowTitleBar":true,"_pointerWidth":0,"_menuScrollableContainerMaxWidth":1024,"_menuImageWidth":1024,"_defaultPointerWidth":0,"_position":{"_top":50,"_left":50}},"_coverMenu":{"homeButtonAriaLabel":"Home","prevButtonAriaLabel":"Previous","nextButtonAriaLabel":"Next","_shouldShowProgressBarsOnMenus":true,"_coverButtonText":"View","srcAdvanced":{"_setImagePerDeviceSize":false}},"_boxMenu":{"itemCompletionText":"Complete","_isVerticalItemLayout":false,"_showCompletionStatusInFooter":false,"_showCompletionStatusOnMenus":false,"_shouldShowProgressBarsOnMenus":true,"_itemsPerRowMedium":2,"_itemsPerRowLarge":2,"_mobileBackgroundImage":{"_repeat":false,"_fixed":false,"_position":"center","_size":"cover"},"_backgroundImage":{"_repeat":false,"_fixed":false,"_position":"center","_size":"cover"},"_headerGraphic":{"_offset":{"_left":"0","_top":"0"},"_position":"bottom-right","_isFloatingGraphic":false,"_hideOnMobile":false,"_isOverridingTheme":false},"_heroImage":{"_graphic":{"srcAdvanced":{"_setImagePerDeviceSize":false}},"_contentWidth":70,"layout":"center"},"srcAdvanced":{"small":{"_type":"image","_extension":"png","_id":"5fdb43353901ce56bd323cb6"},"large":{"_id":"5fdb43353901ce56bd323cb6","_extension":"png","_type":"image"},"extraLarge":{"_id":"5f9bd5de1e6b8526fbc17c14","_extension":"png","_type":"image"},"_setImagePerDeviceSize":true},"src":null},"_search":{"_searchTagIds":[]},"_courseAssessment":{"_isAssessmentPage":false},"_contentLocking":{"_requiredAmount":0,"_requiredCompleteIds":[],"_shouldDisableNotifyOnUnlock":false,"_lockingType":"contentObject","_isEnabled":false},"_mobileBackgroundImage":{"_repeat":false,"_fixed":false,"_position":"center","_size":"cover"},"_backgroundImage":{"_repeat":false,"_fixed":false,"_position":"center","_size":"cover"},"_heroImage":{"body":"<p style=\"text-align: center; line-height: 1;\">___</p>","title":"FEEDBACK- UND ENTWICKLUNGSGESPRÄCHE","_floatingGraphic":{"_hideOnMobile":false,"_offset":{"_left":"0","_top":"0"},"_position":"bottom-right"},"_graphic":{"srcAdvanced":{"_setImagePerDeviceSize":false},"src":{"_type":"image","_extension":"png","_id":"5f7c2dff0aa7fc4a15963f43"}},"_contentWidth":70,"layout":"center","_isEnabled":true},"_completionComponentIds":["5fa2e9b6e885a441ebec92dc","5f9bd4fc1e6b8526fbc17bd3","5f9bd2bd1e6b8526fbc17ba3","5f9bd33c1e6b8526fbc17bb5","5f9bd0e61e6b8526fbc17b7e","5f9bd1e21e6b8526fbc17b91","5f9bd3df1e6b8526fbc17bc8","5f9bc75c1e6b8526fbc17b64","5f9ad39f20cf2451834495fb","5f9bc7bd1e6b8526fbc17b6b"],"_pageCompletionMethod":"selectedComponents","_hidePageHeader":true,"_categories":[],"durationLabel":"Dauer:","isLinkIconRightPosition":false,"linkText":"Start","_graphic":{"_offset":{"_left":"0","_top":"0"},"_position":"bottom-right","_isFloatingGraphic":false,"_hideOnMobile":false,"_isOverridingTheme":false},"title":"feedback und enwicklungsgespräche","_evolveTags":[],"_updatedAt":"2020-12-17T11:40:51.560Z","_createdAt":"2020-10-06T06:44:59.438Z","_type":"page","_isSnapShot":false,"_isHidden":true,"_isEnabled":true,"_courseOrder":"4","_descendantComponentIds":["5f9ad36a20cf2451834495f4","5f9c15251e6b8526fbc17ce1","5f9ad39f20cf2451834495fb","5fa52ff52680c80524507f94","5fa2e9b6e885a441ebec92dc","5fa2e991e885a441ebec92d4","5f9bc7271e6b8526fbc17b5d","5f9c15931e6b8526fbc17ceb","5f9bc75c1e6b8526fbc17b64","5f9bc7bd1e6b8526fbc17b6b","5f9c20261e6b8526fbc17d18","5f9bd05a1e6b8526fbc17b74","5f9bd05d1e6b8526fbc17b76","5f9bd0e61e6b8526fbc17b7e","5f9bd1a81e6b8526fbc17b87","5f9bd1ae1e6b8526fbc17b89","5f9bd1e21e6b8526fbc17b91","5f9bd28a1e6b8526fbc17b9a","5f9bd28e1e6b8526fbc17b9c","5f9bd2bd1e6b8526fbc17ba3","5f9bd3121e6b8526fbc17bac","5f9bd3151e6b8526fbc17bae","5f9bd33c1e6b8526fbc17bb5","5f9bd3af1e6b8526fbc17bbe","5f9bd3be1e6b8526fbc17bc2","5f9bd3df1e6b8526fbc17bc8","5f9bd4fc1e6b8526fbc17bd3","5f9c213a1e6b8526fbc17d2d"],"_childrenIds":["5f7c126b0aa7fc4a15963ea1","5f9fc63133df1b745ebc52bb","5f9bc5521e6b8526fbc17b38","5f9bc6ed1e6b8526fbc17b59","5f9fc67733df1b745ebc52c3","5fa2eaf1e885a441ebec92ea","5fa2eb2be885a441ebec92f1","5fa2ec10e885a441ebec92f9","5fa2ec24e885a441ebec92ff","5fa2ec5de885a441ebec9306","5f9bc7741e6b8526fbc17b67","5f9bd4ca1e6b8526fbc17bcf"]}]
