{"_id":"5f4cdba4bc8f9d107854ffe0","_theme":"5f7c113a0aa7fc4a15963e87","__v":27,"_refId":"5f4cdba4bc8f9d107854ffe0","_updatedBy":"5dcd26e142786d38a8a6ae57","displayTitle":"TALENT MANAGEMENT","htmlTitle":"Talent Management","_publishedAt":"2020-12-17T11:46:18.977Z","_publishedBy":"5dcd26e142786d38a8a6ae57","_swipeMenu":{"prevButtonAriaLabel":"Previous","nextButtonAriaLabel":"Next","_shouldShowProgressBarsOnMenus":true,"_menuContentItems":[],"_mobileBackgroundImage":{"_repeat":false,"_fixed":false,"_position":"center","_size":"cover"},"_backgroundImage":{"_repeat":false,"_fixed":false,"_position":"center","_size":"cover"},"_headerGraphic":{"_offset":{"_left":"0","_top":"0"},"_position":"bottom-right","_isFloatingGraphic":false,"_hideOnMobile":false,"_isOverridingTheme":false},"_heroImage":{"_floatingGraphic":{"_hideOnMobile":false,"_offset":{"_left":"0","_top":"0"},"_position":"bottom-right"},"_graphic":{"srcAdvanced":{"_setImagePerDeviceSize":false}},"_contentWidth":70,"layout":"center"},"_shouldHideDisabledControl":false,"_shouldShowControlsOnHover":false,"_shouldPartiallyShowNextItem":false,"_shouldAlwaysShowItems":false,"_shouldShowControlsOnBottom":false,"_shouldDisableItemScaling":false,"_shouldDisableDetailOnHover":false},"_standardMenu":{"_shouldShowIconOnMenuItems":true,"_shouldShowProgressBarsOnMenus":true,"_menuContentItems":[],"_mobileBackgroundImage":{"_repeat":false,"_fixed":false,"_position":"center","_size":"cover"},"_backgroundImage":{"_repeat":false,"_fixed":false,"_position":"center","_size":"cover"},"_headerGraphic":{"_offset":{"_left":"0","_top":"0"},"_position":"bottom-right","_isFloatingGraphic":false,"_hideOnMobile":false,"_isOverridingTheme":false},"_heroImage":{"_floatingGraphic":{"_hideOnMobile":false,"_offset":{"_left":"0","_top":"0"},"_position":"bottom-right"},"_graphic":{"srcAdvanced":{"_setImagePerDeviceSize":false}},"_contentWidth":70,"layout":"center"}},"_playlistMenu":{"_heroImage":{"_floatingGraphic":{"_hideOnMobile":false,"_offset":{"_left":"0","_top":"0"},"_position":"bottom-right"},"_graphic":{"srcAdvanced":{"_setImagePerDeviceSize":false}},"_contentWidth":70,"layout":"center"},"_shouldShowProgressBarsOnMenus":true,"allText":"All","_fullPlaylist":"Full Playlist","_menuGroupLabel":"Topics","_mobileBackgroundImage":{"_repeat":false,"_fixed":false,"_position":"center","_size":"cover"},"_desktopBackgroundImage":{"_repeat":false,"_fixed":false,"_position":"center","_size":"cover"},"_backgroundImage":{"srcAdvanced":{"_setImagePerDeviceSize":false}}},"_mapMenu":{"_shouldShowTitleBar":true,"_closeButtonText":"Close","_menuScrollableContainerMaxWidth":1024,"_menuImageWidth":1024,"_defaultPointerWidth":0},"_coverMenu":{"homeButtonAriaLabel":"Home","prevButtonAriaLabel":"Previous","nextButtonAriaLabel":"Next","_shouldShowProgressBarsOnMenus":true,"_coverButtonText":"View","srcAdvanced":{"_setImagePerDeviceSize":false}},"_boxMenu":{"_menuContentItems":[],"_isVerticalItemLayout":false,"_itemsPerRowMedium":2,"_itemsPerRowLarge":2,"itemCompletionText":"Complete","_showCompletionStatusInFooter":false,"_showCompletionStatusOnMenus":false,"_shouldShowProgressBarsOnMenus":true,"_mobileBackgroundImage":{"_repeat":false,"_fixed":false,"_position":"center","_size":"cover"},"_backgroundImage":{"_repeat":false,"_fixed":false,"_position":"center","_size":"cover"},"_headerGraphic":{"_offset":{"_left":"0","_top":"0"},"_position":"bottom-right","_isFloatingGraphic":false,"_hideOnMobile":false,"_isOverridingTheme":false,"src":null},"_heroImage":{"body":"<p style=\"text-align: center; line-height: 1;\">___</p>","title":"TALENT MANAGEMENT","_floatingGraphic":{"_hideOnMobile":false,"_offset":{"_left":"0","_top":"0"},"_position":"bottom-right","src":null},"_graphic":{"srcAdvanced":{"_setImagePerDeviceSize":false},"src":{"_id":"5f7c8b390aa7fc4a15963fd4","_extension":"png","_type":"image"}},"_contentWidth":70,"layout":"center"}},"_scrollProgress":{"_maxVariableValue":0,"_canReadFromVariable":false,"_displayOnExtensions":false,"_displayOnMenus":true,"_isEnabled":true},"_courseAttainment":{"_variableUpdateType":"replace","_canSaveToVariable":false,"_notifyIcon":"license2","_headerIcon":"license2","_navigationIcon":"license2","_heroImage":{"_floatingGraphic":{"_hideOnMobile":false,"_offset":{"_left":"0","_top":"0"},"_position":"bottom-right"},"_graphic":{"srcAdvanced":{"_setImagePerDeviceSize":false}},"_contentWidth":70,"layout":"center","_isEnabled":false},"closeWindowText":"Close window","_shouldUseCorrectQuestions":false,"_shouldHidePromptDismissButton":false,"_shouldCloseWindowOnCourseAttained":false,"_shouldHideSummaryAndIcon":true,"completionNotifyTitle":"Course attained","completionTitle":"Course attained","_shouldHideNotificationPopup":true,"_attainmentMethod":"components","_isEnabled":true,"title":"Course Attainment"},"_setStatusBasedOn":"courseCompletion","_learner":{"_learnerNameVariableUpdateType":"replace","_learnerNameVariableFormat":"firstnameLastname","_canLearnerNameSaveToVariable":false},"_alwaysOpenTextEditorLinksInNewWindow":false,"_comments":{"_isEnabled":true},"_pageCompletionMethod":"setInPage","_pageBackgroundImage":{"_mobileBackgroundImage":{"_repeat":false,"_fixed":false,"_position":"center","_size":"cover"},"_backgroundImage":{"_repeat":false,"_fixed":false,"_position":"center","_size":"cover"}},"_fonts":{"_installed":[],"_google":[]},"_downloads":{"closeCourseButtonText":"Close Course","_hasCloseCourseButton":false,"viewDownloadsButtonText":"View downloads","nameRequiredText":"Name required","nameLabelText":"Name","body":"","title":"Downloads"},"_videos":{"seekSliderAriaLabel":"seek slider","volumeSliderAriaLabel":"Lautstärke","fullScreenOffButtonLabel":"Vollbild schließen","fullScreenOnButtonLabel":"Vollbild","subtitlesOffButtonLabel":"Untertitel aus","subtitlesOnButtonLabel":"Untertitel ein","audioDescriptionOffButtonLabel":"Audiobeschreibung aus","audioDescriptionOnButtonLabel":"Audiobeschreibung ein","unMuteButtonLabel":"Ton einschalten","muteButtonLabel":"Stummschalten","pauseButtonLabel":"Pause","playButtonLabel":"Start","_shouldHideFullScreenButton":false},"_globals":{"_questionAttempts":{"_attempts":1,"_shouldUseGlobalAttempts":false},"incorrectIconAriaLabel":"incorrect","correctIconAriaLabel":"correct","_feedbackText":{"_partlyCorrectNotFinalGraphic":{"_position":"right","srcAdvanced":{"_setImagePerDeviceSize":false}},"_partlyCorrectFinalGraphic":{"_position":"right","srcAdvanced":{"_setImagePerDeviceSize":false}},"_incorrectNotFinalGraphic":{"_position":"right","srcAdvanced":{"_setImagePerDeviceSize":false}},"_incorrectFinalGraphic":{"_position":"right","srcAdvanced":{"_setImagePerDeviceSize":false}},"_correctGraphic":{"_position":"right","srcAdvanced":{"_setImagePerDeviceSize":false}},"incorrectFinalFeedback":"Incorrect","incorrectNotFinalFeedback":"Incorrect, try again","partlyCorrectFinalFeedback":"Partly correct","partlyCorrectNotFinalFeedback":"Partly correct, try again","correctFeedback":"Correct"}},"_buttons":{"_lightbox":{"closeAriaLabel":"Schließen","zoomOutAriaLabel":"zoom out","zoomInAriaLabel":"zoom in"},"disabledAriaLabel":"This button is disabled.","remainingAttemptText":"final attempt","remainingAttemptsText":"attempts remaining","_hideFeedback":{"ariaLabel":"Select this button to hide the feedback","buttonText":"Schließen"},"_showFeedback":{"_isDisabled":false,"ariaLabel":"Select this button to show the feedback","buttonText":"Feedback anzeigen"},"_hideCorrectAnswer":{"ariaLabel":"Select this button to hide the correct answer","buttonText":"Meine Antwort anzeigen"},"_showCorrectAnswer":{"ariaLabel":"Select this button to show the correct answer","buttonText":"Richtige Antwort anzeigen"},"_reset":{"ariaLabel":"Select this button to reset your answer","buttonText":"Zurücksetzen"},"_submit":{"ariaLabel":"Select this button to submit your answer","buttonText":"OK"}},"_footerNav":{"homeButtonAriaLabel":"","_hasHomeButton":true,"pageOfText":"of","_shouldDisableTitleButtonText":true,"nextButtonText":"Nächstes Kapitel","previousButtonText":"Vorheriges Kapitel","_isEnabled":true},"_notify":{"_buttonAlignment":"center","_iconAlignment":"center","_bodyTextAlignment":"center","_titleTextAlignment":"center"},"_navigation":{"navigationLogoAlt":"","notifyButtonAriaLabel":"","contentLoadingAriaLiveText":"","navigationSkipContentAriaLabel":"","sidebarAriaLabel":"Tab to move through extra navigation items","hamburgerAriaLabel":"Select this button to toggle the sidebar navigation","dashboardText":"Dashboard","backTextAriaLabel":"","backText":"Zurück zu den Inhalten","backToMenuAriaLabel":"","backToMenuText":"Zum Menü","_shouldHideMenu":false},"_version":{"_isVersion":false,"_masterVersionId":null,"versionTitle":null,"_isLanguageVersion":false},"_reviews":{"_reviews":[{"_id":"5faac746bd606f1cb7a8d77e","_createdBy":"5dcd26e142786d38a8a6ae57","title":"Talent Management Review","_reviewers":[{"_id":"5faac746bd606f1cb7a8d782","_reviewer":"5c6afd46a09330064b299355","_completedAt":"Wed Nov 18 2020 15:00:41 GMT+0000 (Coordinated Universal Time)","reviewFeedback":"","_hasPassed":true,"_status":"complete"},{"_id":"5faac746bd606f1cb7a8d780","_reviewer":"5dcd270c42786d38a8a6ae58","_completedAt":"Wed Nov 18 2020 15:00:41 GMT+0000 (Coordinated Universal Time)","reviewFeedback":"","_hasPassed":true,"_status":"complete"},{"_id":"5faac746bd606f1cb7a8d77f","_reviewer":"5f7c5fcc0aa7fc4a15963f97","_completedAt":"Wed Nov 18 2020 15:00:41 GMT+0000 (Coordinated Universal Time)","reviewFeedback":"","_hasPassed":true,"_status":"complete"},{"_id":"5faba05a73e0d24385fc8cad","_reviewer":"5fab9a4f73e0d24385fc8c8f","_completedAt":"Wed Nov 18 2020 15:00:41 GMT+0000 (Coordinated Universal Time)","reviewFeedback":"","_hasPassed":true,"_status":"complete"},{"_id":"5faba06073e0d24385fc8caf","_reviewer":"5f80228213ad07253fc04263","_completedAt":"Wed Nov 18 2020 15:00:41 GMT+0000 (Coordinated Universal Time)","reviewFeedback":"","_hasPassed":true,"_status":"complete"},{"_id":"5fad159e63cd1f684c26127c","_reviewer":"5dad6895bd03911cea28889d","_completedAt":"Wed Nov 18 2020 15:00:41 GMT+0000 (Coordinated Universal Time)","reviewFeedback":"","_hasPassed":true,"_status":"complete"},{"_id":"5fb263ceac2ffa284a6c13d0","_reviewer":"5ce7d0ffd4272e61e861fef2","_completedAt":"Wed Nov 18 2020 15:00:41 GMT+0000 (Coordinated Universal Time)","reviewFeedback":"","_hasPassed":true,"_status":"complete"},{"_id":"5fd37b3e3e273d087fd8ab34","_reviewer":"5f51fe68bc8f9d107855017a","reviewFeedback":"","_hasPassed":true,"_status":"notStarted"}],"_canReviewersSeeTags":false,"_canReviewersSeeAllComments":true,"_isActive":true,"_createdAt":"2020-11-10T17:00:54.171Z"},{"_id":"5fb53779af5ef03a8fcb8025","_createdBy":"5dcd26e142786d38a8a6ae57","title":"LC Review","_reviewers":[{"_completedAt":"Mon Nov 23 2020 16:27:59 GMT+0000 (Coordinated Universal Time)","_id":"5fb53779af5ef03a8fcb8027","_reviewer":"5ce7d0ffd4272e61e861fef2","reviewFeedback":"","_hasPassed":true,"_status":"complete"},{"_completedAt":"Mon Nov 23 2020 16:27:59 GMT+0000 (Coordinated Universal Time)","_id":"5fb53779af5ef03a8fcb8026","_reviewer":"5f51fe68bc8f9d107855017a","reviewFeedback":"","_hasPassed":true,"_status":"complete"},{"_completedAt":"Mon Nov 23 2020 16:27:59 GMT+0000 (Coordinated Universal Time)","_id":"5fb53784af5ef03a8fcb802b","_reviewer":"5f7c5fcc0aa7fc4a15963f97","reviewFeedback":"","_hasPassed":true,"_status":"complete"}],"_canReviewersSeeTags":false,"_canReviewersSeeAllComments":true,"_isActive":false,"_createdAt":"2020-11-18T15:02:17.032Z"},{"_id":"5fbbe2fef74e137a8dab0f97","_createdBy":"5dcd26e142786d38a8a6ae57","title":"Talent Management Review2","_reviewers":[{"_completedAt":"Tue Dec 01 2020 13:21:37 GMT+0000 (Coordinated Universal Time)","_id":"5fbbe2fef74e137a8dab0f9d","_reviewer":"5fab9a4f73e0d24385fc8c8f","reviewFeedback":"","_hasPassed":true,"_status":"complete"},{"_completedAt":"Tue Dec 01 2020 13:21:37 GMT+0000 (Coordinated Universal Time)","_id":"5fbbe2fef74e137a8dab0f9c","_reviewer":"5f80228213ad07253fc04263","reviewFeedback":"","_hasPassed":true,"_status":"complete"},{"_completedAt":"Tue Dec 01 2020 13:21:37 GMT+0000 (Coordinated Universal Time)","_id":"5fbbe2fef74e137a8dab0f9b","_reviewer":"5c6afd46a09330064b299355","reviewFeedback":"","_hasPassed":true,"_status":"complete"},{"_completedAt":"Tue Dec 01 2020 13:21:37 GMT+0000 (Coordinated Universal Time)","_id":"5fbbe2fef74e137a8dab0f9a","_reviewer":"5f51fe68bc8f9d107855017a","reviewFeedback":"","_hasPassed":true,"_status":"complete"},{"_completedAt":"Tue Dec 01 2020 13:21:37 GMT+0000 (Coordinated Universal Time)","_id":"5fbbe2fef74e137a8dab0f99","_reviewer":"5f7c5fcc0aa7fc4a15963f97","reviewFeedback":"","_hasPassed":true,"_status":"complete"},{"_completedAt":"Tue Dec 01 2020 13:21:37 GMT+0000 (Coordinated Universal Time)","_id":"5fbbe2fef74e137a8dab0f98","_reviewer":"5ce7d0ffd4272e61e861fef2","reviewFeedback":"","_hasPassed":true,"_status":"complete"}],"_canReviewersSeeTags":false,"_canReviewersSeeAllComments":true,"_isActive":false,"_createdAt":"2020-11-23T16:27:42.380Z"},{"title":"Talent Management Review3","_createdBy":"5f04268e4988650a41d50171","_id":"5fc5f68ee266be78c5952bca","_reviewers":[{"_reviewer":"5f7c5fcc0aa7fc4a15963f97","_id":"5fc5f68ee266be78c5952bd0","_completedAt":"Fri Dec 04 2020 14:16:20 GMT+0000 (Coordinated Universal Time)","reviewFeedback":"","_hasPassed":true,"_status":"complete"},{"_reviewer":"5ce7d0ffd4272e61e861fef2","_id":"5fc5f68ee266be78c5952bcf","_completedAt":"Fri Dec 04 2020 14:16:20 GMT+0000 (Coordinated Universal Time)","reviewFeedback":"","_hasPassed":true,"_status":"complete"},{"_reviewer":"5f51fe68bc8f9d107855017a","_id":"5fc5f68ee266be78c5952bce","_completedAt":"Fri Dec 04 2020 14:16:20 GMT+0000 (Coordinated Universal Time)","reviewFeedback":"","_hasPassed":true,"_status":"complete"},{"_reviewer":"5fab9a4f73e0d24385fc8c8f","_id":"5fc5f68ee266be78c5952bcd","_completedAt":"Fri Dec 04 2020 14:16:20 GMT+0000 (Coordinated Universal Time)","reviewFeedback":"","_hasPassed":true,"_status":"complete"},{"_reviewer":"5c6afd46a09330064b299355","_id":"5fc5f68ee266be78c5952bcc","_completedAt":"Fri Dec 04 2020 14:16:20 GMT+0000 (Coordinated Universal Time)","reviewFeedback":"","_hasPassed":true,"_status":"complete"},{"_reviewer":"5f80228213ad07253fc04263","_id":"5fc5f68ee266be78c5952bcb","_completedAt":"Fri Dec 04 2020 14:16:20 GMT+0000 (Coordinated Universal Time)","reviewFeedback":"","_hasPassed":true,"_status":"complete"}],"_canReviewersSeeTags":false,"_canReviewersSeeAllComments":true,"_isActive":false,"_createdAt":"2020-12-01T07:53:50.904Z"}],"_isUnderReview":true},"_dialogs":[{"itemIndex":0,"_id":"5f7c1c850aa7fc4a15963f28","displayTitle":"Deine Verantwortungen","body":"<ul><li>Du vertrittst ein gemeinsames Mindset - Talent Management ist eine Chance f&uuml;r Dich, Deine Mitarbeiter und unser Unternehmen.</li></ul><p><br></p><ul><li>Du bin motiviert und hast Freude an der langfristigen Entwicklung Deiner Mitarbeiter.</li></ul><p><br></p><ul><li>Du zeigst langj&auml;hriger Karrierewege f&uuml;r Deine Mitarbeiter auf.</li></ul><p><br></p><ul><li>Du setzt den Talent Management Prozess konsequente und standardisiert um.</li></ul><p><br></p><ul><li>Du entwickelst Deine Mitarbeiter gezielt weiter und f&ouml;rderst insbesondere Deine aktuellen Leistungstr&auml;ger.</li></ul><p><br></p><ul><li>Du bef&ouml;rderst nur bei vakanter Stelle laut Vollzeit-K&ouml;pfe-Planung.</li></ul><p><br></p><ul><li>Du betreibst fr&uuml;hzeitige Nachfolgeplanung sobald Deine Mitarbeiter als Leistungstr&auml;ger benannt wurden.</li></ul><p><br></p><ul><li>Du w&auml;hlst passende, individuelle Entwicklungsma&szlig;nahme f&uuml;r alle Mitarbeiter.</li></ul><p><br></p><ul><li>Du betreibst unterj&auml;hrig Austausch mit Deinen Mitarbeitern &uuml;ber ihren aktuellen Entwicklungsstand. Daf&uuml;r setzt Du Regel-Terminen an.</li></ul>","navigationLink":{"_isEnabled":false},"_videoStream":{"_options":{"_wistiaOptions":{"endVideoBehavior":"default","volumeControl":true,"smallPlayButton":true,"settingsControl":true,"qualityControl":true,"playerColor":"#5fbbff","playButton":true,"playbar":true,"playbackRateControl":true,"fullscreenButton":true,"controlsVisibleOnLoad":true,"autoPlay":false},"_shouldUseWistiaOptions":false,"_isLightTheme":false,"_isAllowFullscreen":true,"_isShowClosedCaptions":false,"_isHD":true,"_modestBranding":false,"_isKeyboardDisabled":false,"_isLoop":false,"_isAutoPlay":false},"_service":"youtube"},"_video":{"_isAutoPlay":false},"_audio":{"_isAutoPlay":false,"poster":{"_type":"image","_extension":"gif","_id":"5f9fc73e33df1b745ebc52cb"},"_transcript":{"body":""},"src":{"_id":"5f9fc3ea33df1b745ebc529f","_extension":"mp3","_type":"audio"}},"_graphic":{"srcAdvanced":{"_setImagePerDeviceSize":false}},"_mediaLayout":"left","_mediaType":"audio","closeButtonText":"Alles klar!","title":"LD_Verantwortungen"},{"body":"<p><strong>Unsere Bewertungsskala</strong></p><p><br></p><ul><li>Entspricht nicht den Anforderungen (1)<br><br></li><li>Entspricht teilweise den Anforderungen (2)<br><br></li><li><strong>Entspricht den Anforderungen (3)</strong>&nbsp;<br><br></li><li>&Uuml;bertrifft teilweise die Anforderungen (4)<br><br></li><li>&Uuml;bertrifft deutlich die Anforderungen (5)</li></ul><p><br></p><p>Wichtig f&uuml;r &bdquo;Entspricht den Anforderungen (3)&ldquo;:<br>&nbsp;</p><ul style=\"list-style-type: disc;\"><li>F&uuml;r eine &uuml;berdurchschnittliche Leistungsbewertung (4/5) m&uuml;ssen alle Kernkompetenzen der Stelle vollst&auml;ndig erf&uuml;llt sein, d. h. mit &bdquo;Entspricht den Anforderungen&ldquo; (3) bewertet werden.<br><br></li><li>Der Einarbeitungsplan, das Referenzprofil sowie die Kalibrierungs&uuml;bersicht unterst&uuml;tzen Dich bei der Bewertung.</li></ul>","_id":"5f9a89f620cf245183449443","itemIndex":1,"navigationLink":{"_isEnabled":false},"_videoStream":{"_options":{"_wistiaOptions":{"endVideoBehavior":"default","volumeControl":true,"smallPlayButton":true,"settingsControl":true,"qualityControl":true,"playerColor":"#5fbbff","playButton":true,"playbar":true,"playbackRateControl":true,"fullscreenButton":true,"controlsVisibleOnLoad":true,"autoPlay":false},"_shouldUseWistiaOptions":false,"_isLightTheme":false,"_isAllowFullscreen":true,"_isShowClosedCaptions":false,"_isHD":true,"_modestBranding":false,"_isKeyboardDisabled":false,"_isLoop":false,"_isAutoPlay":false},"_service":"youtube"},"_video":{"_isAutoPlay":false},"_audio":{"_isAutoPlay":false,"poster":{"_id":"5f9bd5dd1e6b8526fbc17c0e","_extension":"png","_type":"image"},"src":{"_id":"5f9fc40a33df1b745ebc52a1","_extension":"mp3","_type":"audio"}},"_graphic":{"srcAdvanced":{"_setImagePerDeviceSize":false}},"_mediaLayout":"bottom","_mediaType":"audio","closeButtonText":"Alles klar!","title":"LD_Bewertungsskala"},{"itemIndex":2,"_id":"5f9bc6531e6b8526fbc17b4e","body":"<ol><li>Konkrete Situationen/Beispiele nennen<br><br></li><li>Widerspruch in Formular dokumentieren<br><br></li><li>Ggf. einen separaten Termin vereinbaren<br><br></li><li>Weitere Informationen siehe Seminar &bdquo;Anspruchsvolle Gespr&auml;che erfolgreich meistern&ldquo;</li></ol>","navigationLink":{"_isEnabled":false},"_videoStream":{"_options":{"_wistiaOptions":{"endVideoBehavior":"default","volumeControl":true,"smallPlayButton":true,"settingsControl":true,"qualityControl":true,"playerColor":"#5fbbff","playButton":true,"playbar":true,"playbackRateControl":true,"fullscreenButton":true,"controlsVisibleOnLoad":true,"autoPlay":false},"_shouldUseWistiaOptions":false,"_isLightTheme":false,"_isAllowFullscreen":true,"_isShowClosedCaptions":false,"_isHD":true,"_modestBranding":false,"_isKeyboardDisabled":false,"_isLoop":false,"_isAutoPlay":false},"_service":"youtube"},"_video":{"_isAutoPlay":false},"_audio":{"_isAutoPlay":false,"poster":{"_type":"image","_extension":"png","_id":"5f9bd5dd1e6b8526fbc17c0e"},"src":{"_id":"5f9fc42633df1b745ebc52a2","_extension":"mp3","_type":"audio"}},"_graphic":{"srcAdvanced":{"_setImagePerDeviceSize":false}},"_mediaLayout":"bottom","_mediaType":"audio","closeButtonText":"Alles klar!","title":"LD_Feedback"}],"_categoryGroups":[],"_categories":[],"_autoVersionFrequency":"day","_hasAutoVersions":false,"_isShareable":false,"_isEditLocked":false,"_isRTL":false,"_evolveTags":["5f2acf9ddf76447274c1f51b","5c98d0f8e955a04cfc9edd7e","5e53e82c2bb3e95986d39bd4","5e5390fb2bb3e95986d39b06","5f4e2d8abc8f9d10785500d6"],"_isSnapShot":false,"_managedByExceed":false,"_updatedAt":"2020-12-17T11:45:28.536Z","_createdAt":"2020-08-31T11:14:44.400Z","_isAutoState":true,"_state":"publishing","title":"Lidl_DE_Talentmanagement","_type":"course","_childrenIds":["5f7c12ed0aa7fc4a15963ea7","5f7c12280aa7fc4a15963e91","5f7c123f0aa7fc4a15963e96","5f7c12540aa7fc4a15963e9b","5f7c126b0aa7fc4a15963ea0"]}
